序号,日文,假名,中文,类型,课文
0,中国人,ちゅうごくじん,中国人,名词,新标初_01
1,日本人,にほんじん,日本人,名词,新标初_01
2,韓国人,かんこくじん,韩国人,名词,新标初_01
3,アメリカ人,アメリカじん,美国人,名词,新标初_01
4,フランス人,フランスじん,法国人,名词,新标初_01
5,学生,がくせい,（大）学生,名词,新标初_01
6,先生,せんせい,老师,名词,新标初_01
7,留学生,りゅうがくせい,留学生,名词,新标初_01
8,教授,きょうじゅ,教授,名词,新标初_01
9,社員,しゃいん,职员,名词,新标初_01
10,会社員,かいしゃいん,公司职员,名词,新标初_01
11,店員,てんいん,店员,名词,新标初_01
12,研修生,けんしゅうせい,进修生,名词,新标初_01
13,企業,きぎょう,企业,名词,新标初_01
14,大学,だいがく,大学,名词,新标初_01
15,父,ちち,（我）父亲,名词,新标初_01
16,課長,かちょう,科长,名词,新标初_01
17,社長,しゃちょう,总经理，社长,名词,新标初_01
18,出迎え,でむかえ,迎接,名词,新标初_01
19,あの人,あのひと,那个人,名词,新标初_01
20,わたし,わたし,我,代词,新标初_01
21,あなた,あなた,你,代词,新标初_01
22,どうも,どうも,非常，很,副词,新标初_01
23,はい,はい,哎，是,感叹词,新标初_01
24,いいえ,いいえ,不，不是,感叹词,新标初_01
25,あっ,あっ,哎，哎呀,感叹词,新标初_01
26,李,り,李,专有词,新标初_01
27,王,おう,王,专有词,新标初_01
28,張,ちょう,张,专有词,新标初_01
29,森,もり,森,专有词,新标初_01
30,林,はやし,林,专有词,新标初_01
31,小野,おの,小野,专有词,新标初_01
32,吉田,よしだ,吉田,专有词,新标初_01
33,田中,たなか,田中,专有词,新标初_01
34,中村,なかむら,中村,专有词,新标初_01
35,太郎,たろう,太郎,专有词,新标初_01
36,金,キム,金,专有词,新标初_01
37,デュポン,デュポン,迪蓬,专有词,新标初_01
38,スミス,スミス,史密斯,专有词,新标初_01
39,ジョンソン,ジョンソン,约翰逊,专有词,新标初_01
40,中国,ちゅうごく,中国,专有词,新标初_01
41,東京大学,とうきょうだいがく,东京大学,专有词,新标初_01
42,北京大学,ペキンだいがく,北京大学,专有词,新标初_01
43,ＪＣ企画,ジェーシーきかく,JC策划公司,专有词,新标初_01
44,北京旅行社,ペキンりょこうしゃ,北京旅行社,专有词,新标初_01
45,日中商事,にっちゅうしょうじ,日中商社,专有词,新标初_01
46,こんにちは,こんにちは,你好,惯用语,新标初_01
47,すみません,すみません,对不起，请问,惯用语,新标初_01
48,どうぞ,どうぞ,请,惯用语,新标初_01
49,よろしくお願いします,よろしくおねがいします,请多关照,惯用语,新标初_01
50,はじめまして,はじめまして,初次见面,惯用语,新标初_01
51,こちらこそ,こちらこそ,我才要（请您～）,惯用语,新标初_01
52,そうです,そうです,是（这样）,惯用语,新标初_01
53,ちがいます,ちがいます,不是,惯用语,新标初_01
54,分かりません,わかりません,不知道,惯用语,新标初_01
55,どうもすみません,どうもすみません,实在对不起,惯用语,新标初_01
56,本,ほん,书,名词,新标初_02
57,かばん,かばん,包，公文包,名词,新标初_02
58,ノート,ノート,笔记本，本子,名词,新标初_02
59,鉛筆,えんぴつ,铅笔,名词,新标初_02
60,傘,かさ,伞,名词,新标初_02
61,靴,くつ,鞋,名词,新标初_02
62,新聞,しんぶん,报纸,名词,新标初_02
63,雑誌,ざっし,杂志,名词,新标初_02
64,辞書,じしょ,词典,名词,新标初_02
65,カメラ,カメラ,照相机,名词,新标初_02
66,テレビ,テレビ,电视机,名词,新标初_02
67,パソコン,パソコン,个人电脑,名词,新标初_02
68,ラジオ,ラジオ,收音机,名词,新标初_02
69,電話,でんわ,电话,名词,新标初_02
70,机,つくえ,桌子，书桌,名词,新标初_02
71,いす,いす,椅子,名词,新标初_02
72,かぎ,かぎ,钥匙，锁,名词,新标初_02
73,時計,とけい,钟，表,名词,新标初_02
74,手帳,てちょう,记事本,名词,新标初_02
75,写真,しゃしん,照片,名词,新标初_02
76,車,くるま,车,名词,新标初_02
77,自転車,じてんしゃ,自行车,名词,新标初_02
78,お土産,おみやげ,礼物,名词,新标初_02
79,名産品,めいさんひん,特产，名产,名词,新标初_02
80,シルク,シルク,丝绸,名词,新标初_02
81,ハンカチ,ハンカチ,手绢,名词,新标初_02
82,会社,かいしゃ,公司,名词,新标初_02
83,方,かた,（敬称）位，人,名词,新标初_02
84,人,ひと,人,名词,新标初_02
85,家族,かぞく,家人，家属,名词,新标初_02
86,母,はは,（我）母亲,名词,新标初_02
87,お母さん,おかあさん,母亲,名词,新标初_02
88,日本語,にほんご,日语,名词,新标初_02
89,中国語,ちゅうごくご,汉语，中文,名词,新标初_02
90,これ,これ,这，这个,代词,新标初_02
91,それ,それ,那，那个,代词,新标初_02
92,あれ,あれ,那，那个,代词,新标初_02
93,どれ,どれ,哪个,代词,新标初_02
94,何,なん,什么,代词,新标初_02
95,だれ,だれ,谁,代词,新标初_02
96,どなた,どなた,哪位,代词,新标初_02
97,この,この,这，这个,连接词,新标初_02
98,その,その,那，那个,连接词,新标初_02
99,あの,あの,那，那个,连接词,新标初_02
100,どの,どの,哪个,连接词,新标初_02
101,えっ,えっ,啊,感叹词,新标初_02
102,わあ,わあ,哇,感叹词,新标初_02
103,ええ,ええ,（应答）嗯，是,感叹词,新标初_02
104,長島,ながしま,长岛,专有词,新标初_02
105,日本,にほん,日本,专有词,新标初_02
106,スワトウ,スワトウ,汕头,专有词,新标初_02
107,ロンドン,ロンドン,伦敦,专有词,新标初_02
108,ありがとうございます,ありがとうございます,谢谢,惯用语,新标初_02
109,おいくつ,おいくつ,多大,惯用语,新标初_02
110,デパート,デパート,百货商店,名词,新标初_03
111,食堂,しょくどう,食堂,名词,新标初_03
112,郵便局,ゆうびんきょく,邮局,名词,新标初_03
113,銀行,ぎんこう,银行,名词,新标初_03
114,図書館,としょかん,图书馆,名词,新标初_03
115,マンション,マンション,(高级）公寓,名词,新标初_03
116,ホテル,ホテル,宾馆,名词,新标初_03
117,コンビニ,コンビニ,便利店,名词,新标初_03
118,喫茶店,きっさてん,咖啡馆,名词,新标初_03
119,病院,びょういん,医院,名词,新标初_03
120,本屋,ほんや,书店,名词,新标初_03
121,レストラン,レストラン,餐馆，西餐馆,名词,新标初_03
122,ビル,ビル,大楼，大厦,名词,新标初_03
123,建物,たてもの,大楼，建筑物,名词,新标初_03
124,売り場,うりば,柜台，出售处,名词,新标初_03
125,トイレ,トイレ,厕所，盥洗室,名词,新标初_03
126,入り口,いりぐち,入口,名词,新标初_03
127,事務所,じむしょ,事务所，办事处,名词,新标初_03
128,受付,うけつけ,接待处,名词,新标初_03
129,バーゲン会場,バーゲンかいじょう,降价处理大卖场,名词,新标初_03
130,エスカレーター,エスカレーター,自动扶梯,名词,新标初_03
131,服,ふく,衣服,名词,新标初_03
132,コート,コート,风衣，大衣,名词,新标初_03
133,デジカメ,デジカメ,数码相机,名词,新标初_03
134,国,くに,国，国家,名词,新标初_03
135,地図,ちず,地图,名词,新标初_03
136,隣,となり,旁边,名词,新标初_03
137,周辺,しゅうへん,附近，周边,名词,新标初_03
138,今日,きょう,今天,名词,新标初_03
139,水曜日,すいようび,星期三,名词,新标初_03
140,木曜日,もくようび,星期四,名词,新标初_03
141,ここ,ここ,这里，这儿,代词,新标初_03
142,そこ,そこ,那里，那儿,代词,新标初_03
143,あそこ,あそこ,那里，那儿,代词,新标初_03
144,こちら,こちら,这儿，这边,代词,新标初_03
145,そちら,そちら,那儿，那边,代词,新标初_03
146,あちら,あちら,那儿，那边,代词,新标初_03
147,どこ,どこ,哪里，哪儿,代词,新标初_03
148,どちら,どちら,哪儿，哪边,代词,新标初_03
149,あのう,あのう,请问，对不起,感叹词,新标初_03
150,上海,シャンハイ,上海,专有词,新标初_03
151,東京,とうきょう,东京,专有词,新标初_03
152,いくら,いくら,多少钱,惯用语,新标初_03
153,部屋,へや,房间，屋子,名词,新标初_04
154,庭,にわ,院子,名词,新标初_04
155,家,いえ,家,名词,新标初_04
156,居間,いま,起居室,名词,新标初_04
157,冷蔵庫,れいぞうこ,冰箱,名词,新标初_04
158,壁,かべ,墙壁,名词,新标初_04
159,スイッチ,スイッチ,开关,名词,新标初_04
160,本棚,ほんだな,书架,名词,新标初_04
161,ベッド,ベッド,床,名词,新标初_04
162,猫,ねこ,猫,名词,新标初_04
163,犬,いぬ,狗,名词,新标初_04
164,箱,はこ,盒子，箱子,名词,新标初_04
165,眼鏡,めがね,眼镜,名词,新标初_04
166,ビデオ,ビデオ,录像机,名词,新标初_04
167,サッカーボール,サッカーボール,足球,名词,新标初_04
168,ビール,ビール,啤酒,名词,新标初_04
169,ウイスキー,ウイスキー,威士忌,名词,新标初_04
170,子供,こども,孩子，小孩,名词,新标初_04
171,兄弟,きょうだい,兄弟姐妹,名词,新标初_04
172,両親,りょうしん,父母，双亲,名词,新标初_04
173,妹,いもうと,妹妹,名词,新标初_04
174,男,おとこ,男,名词,新标初_04
175,女,おんな,女,名词,新标初_04
176,生徒,せいと,学生,名词,新标初_04
177,上,うえ,上面,名词,新标初_04
178,外,そと,外面,名词,新标初_04
179,中,なか,里面，内部，中间,名词,新标初_04
180,下,した,下面,名词,新标初_04
181,前,まえ,前，前面,名词,新标初_04
182,後ろ,うしろ,后，后面,名词,新标初_04
183,近く,ちかく,附近，近旁,名词,新标初_04
184,場所,ばしょ,所在地，地方，场所,名词,新标初_04
185,教室,きょうしつ,教室,名词,新标初_04
186,会議室,かいぎしつ,会议室,名词,新标初_04
187,図書室,としょしつ,图书室,名词,新标初_04
188,公園,こうえん,公园,名词,新标初_04
189,花屋,はなや,花店,名词,新标初_04
190,売店,ばいてん,小卖部，售货亭,名词,新标初_04
191,駅,えき,车站,名词,新标初_04
192,地下鉄,ちかてつ,地铁,名词,新标初_04
193,樹,き,树，树木,名词,新标初_04
194,一人暮らし,ひとりぐらし,单身生活,名词,新标初_04
195,あります,あります,有，在（非意志者）,动1,新标初_04
196,います,います,有，在（具意志者）,动2,新标初_04
197,ええと,ええと,啊，嗯,感叹词,新标初_04
198,横浜,よこはま,横滨,专有词,新标初_04
199,名古屋,なごや,名古屋,专有词,新标初_04
200,大阪,おおさか,大阪,专有词,新标初_04
201,ＪＲ,ジェーアール,JR,专有词,新标初_04
202,今,いま,现在,名词,新标初_05
203,先週,せんしゅう,上个星期,名词,新标初_05
204,来週,らいしゅう,下个星期,名词,新标初_05
205,さ来週,さらいしゅう,下下个星期,名词,新标初_05
206,今週,こんしゅう,这个星期,名词,新标初_05
207,昨日,きのう,昨天,名词,新标初_05
208,明日,あした,明天,名词,新标初_05
209,あさって,あさって,后天,名词,新标初_05
210,おととい,おととい,前天,名词,新标初_05
211,毎日,まいにち,每天，每日,名词,新标初_05
212,毎朝,まいあさ,每天早晨,名词,新标初_05
213,毎晩,まいばん,每天晚上,名词,新标初_05
214,毎週,まいしゅう,每个星期,名词,新标初_05
215,午前,ごぜん,上午,名词,新标初_05
216,午後/ピーエム,ごご,下午,名词,新标初_05
217,日曜日,にちようび,星期日,名词,新标初_05
218,月曜日,げつようび,星期一,名词,新标初_05
219,火曜日,かようび,星期二,名词,新标初_05
220,金曜日,きんようび,星期五,名词,新标初_05
221,土曜日,どようび,星期六,名词,新标初_05
222,今朝,けさ,今天早晨,名词,新标初_05
223,今晩,こんばん,今天晚上,名词,新标初_05
224,来年,らいねん,明年,名词,新标初_05
225,去年,きょねん,去年,名词,新标初_05
226,夜,よる,晚上，夜里，夜晚,名词,新标初_05
227,晩,ばん,晚上,名词,新标初_05
228,朝,あさ,早晨,名词,新标初_05
229,学校,がっこう,学校,名词,新标初_05
230,試験,しけん,考试,名词,新标初_05
231,仕事,しごと,工作,名词,新标初_05
232,遅刻,ちこく,迟到,名词,新标初_05
233,休み,やすみ,休息,名词,新标初_05
234,出張,しゅっちょう,出差,名词,新标初_05
235,研修,けんしゅう,进修,名词,新标初_05
236,旅行,りょこう,旅行,名词,新标初_05
237,展覧会,てんらんかい,展览会,名词,新标初_05
238,歓迎会,かんげいかい,欢迎会,名词,新标初_05
239,パーティー,パーティー,联欢会,名词,新标初_05
240,お宅,おたく,府上，,名词,新标初_05
241,いつ,いつ,什么时候,代词,新标初_05
242,休みます,やすみます,休息,动1,新标初_05
243,働きます,はたらきます,工作,动1,新标初_05
244,始まります,はじまります,开始,动1,新标初_05
245,終わります,おわります,结束,动1,新标初_05
246,起きます,おきます,起床,动2,新标初_05
247,寝ます,ねます,睡觉,动2,新标初_05
248,勉強します,べんきょうします,学习,动3,新标初_05
249,いつも,いつも,经常，总是,副词,新标初_05
250,北京支社,ペキンししゃ,北京分社,专有词,新标初_05
251,神戸,こうべ,神户,专有词,新标初_05
252,お早う,おはよう,你早,惯用语,新标初_05
253,来月,らいげつ,下个月,名词,新标初_06
254,先月,せんげつ,上个月,名词,新标初_06
255,夜中,よなか,午夜，半夜,名词,新标初_06
256,ゆうべ,ゆうべ,昨天晚上,名词,新标初_06
257,コンサート,コンサート,音乐会,名词,新标初_06
258,クリスマス,クリスマス,圣诞节,名词,新标初_06
259,誕生日,たんじょうび,生日,名词,新标初_06
260,こどもの日,こどものひ,儿童节,名词,新标初_06
261,夏休み,なつやすみ,暑假,名词,新标初_06
262,交通機関,こうつうきかん,交通工具,名词,新标初_06
263,新幹線,しんかんせん,新干线,名词,新标初_06
264,飛行機,ひこうき,飞机,名词,新标初_06
265,フェリー,フェリー,渡轮,名词,新标初_06
266,電車,でんしゃ,电车,名词,新标初_06
267,バス,バス,公共汽车,名词,新标初_06
268,タクシー,タクシー,出租车,名词,新标初_06
269,美術館,びじゅつかん,美术馆,名词,新标初_06
270,アパート,アパート,公寓,名词,新标初_06
271,うち,うち,家,名词,新标初_06
272,プール,プール,游泳池,名词,新标初_06
273,友達,ともだち,朋友,名词,新标初_06
274,弟,おとうと,弟弟,名词,新标初_06
275,行きます,いきます,去,动1,新标初_06
276,帰ります,かえります,回来，回去,动1,新标初_06
277,来ます,きます,来,动3,新标初_06
278,たしか,たしか,好像是，大概；的确,副词,新标初_06
279,まっすぐ,まっすぐ,径直，笔直,副词,新标初_06
280,いっしょに,いっしょに,一起,副词,新标初_06
281,佐藤,さとう,佐藤,专有词,新标初_06
282,北京,ペキン,北京,专有词,新标初_06
283,アメリカ,アメリカ,美国,专有词,新标初_06
284,韓国,かんこく,韩国,专有词,新标初_06
285,フランス,フランス,法国,专有词,新标初_06
286,広島,ひろしま,广岛,专有词,新标初_06
287,京都,きょうと,京都,专有词,新标初_06
288,北海道,ほっかいどう,北海道,专有词,新标初_06
289,箱根,はこね,箱根,专有词,新标初_06
290,銀座,ぎんざ,银座,专有词,新标初_06
291,渋谷,しぶや,涩谷,专有词,新标初_06
292,新宿,しんじゅく,新宿,专有词,新标初_06
293,お疲れ様でした,おつかれさまでした,够累的,惯用语,新标初_06
294,お先に失礼します,おさきにしつれいします,我先走了，我先告辞了,惯用语,新标初_06
295,歩いて,あるいて,步行,惯用语,新标初_06
296,大変ですね,たいへんですね,真不容易，够受的，不得了,惯用语,新标初_06
297,コーヒー,コーヒー,咖啡,名词,新标初_07
298,コーラ,コーラ,可乐,名词,新标初_07
299,お茶,おちゃ,茶,名词,新标初_07
300,ワイン,ワイン,葡萄酒,名词,新标初_07
301,パン,パン,面包,名词,新标初_07
302,ケーキ,ケーキ,蛋糕,名词,新标初_07
303,お粥,おかゆ,粥,名词,新标初_07
304,昼ご飯,ひるごはん,午饭,名词,新标初_07
305,お弁当,おべんとう,盒饭,名词,新标初_07
306,そば,そば,荞麦面,名词,新标初_07
307,うどん,うどん,面条,名词,新标初_07
308,親子丼,おやこどん,鸡肉鸡蛋盖饭,名词,新标初_07
309,カレー,カレー,咖喱（饭）,名词,新标初_07
310,卵,たまご,鸡蛋,名词,新标初_07
311,チーズ,チーズ,干酪,名词,新标初_07
312,リンゴ,リンゴ,苹果,名词,新标初_07
313,イチゴ,イチゴ,草莓,名词,新标初_07
314,そば屋,そばや,荞麦面馆,名词,新标初_07
315,テニス,テニス,网球,名词,新标初_07
316,ジョギング,ジョギング,慢跑，跑步,名词,新标初_07
317,サッカー,サッカー,足球,名词,新标初_07
318,野球,やきゅう,棒球,名词,新标初_07
319,申込書,もうしこみしょ,申请书,名词,新标初_07
320,手紙,てがみ,信,名词,新标初_07
321,ＣＤ,シーディー,CD,名词,新标初_07
322,音楽,おんがく,音乐,名词,新标初_07
323,映画,えいが,电影,名词,新标初_07
324,動物園,どうぶつえん,动物园,名词,新标初_07
325,パンダ,パンダ,熊猫,名词,新标初_07
326,飲みます,のみます,喝,动1,新标初_07
327,買います,かいます,买,动1,新标初_07
328,撮ります,とります,拍照，拍摄,动1,新标初_07
329,書きます,かきます,写,动1,新标初_07
330,読みます,よみます,读,动1,新标初_07
331,聞きます,ききます,听,动1,新标初_07
332,食べます,たべます,吃,动2,新标初_07
333,見ます,みます,看,动2,新标初_07
334,します,します,干，做,动3,新标初_07
335,掃除します,そうじします,打扫，扫除,动3,新标初_07
336,これから,これから,从现在起，今后,副词,新标初_07
337,じゃあ,じゃあ,那么,接续词,新标初_07
338,では,では,那么,接续词,新标初_07
339,いらっしゃいませ,いらっしゃいませ,欢迎光临,惯用语,新标初_07
340,失礼します,しつれいします,告辞了，我走了,惯用语,新标初_07
341,失礼しました,しつれいしました,打搅了，失礼了,惯用语,新标初_07
342,いってまいります,いってまいります,我走了,惯用语,新标初_07
343,いってきます,いってきます,我走了,惯用语,新标初_07
344,いってらっしゃい,いってらっしゃい,你走好,惯用语,新标初_07
345,ただいま,ただいま,我回来了,惯用语,新标初_07
346,お帰りなさい,おかえりなさい,你回来了,惯用语,新标初_07
347,かしこまりました,かしこまりました,我知道了,惯用语,新标初_07
348,お邪魔します,おじゃまします,打扰了,惯用语,新标初_07
349,ください,ください,给我,惯用语,新标初_07
350,午前中,ごぜんちゅう,上午,惯用语,新标初_07
351,プレゼント,プレゼント,礼物,名词,新标初_08
352,チケット,チケット,票,名词,新标初_08
353,パンフレット,パンフレット,小册子,名词,新标初_08
354,記念品,きねんひん,纪念品,名词,新标初_08
355,スケジュール表,スケジュールひょう,日程表,名词,新标初_08
356,写真集,しゃしんしゅう,影集,名词,新标初_08
357,花,はな,花,名词,新标初_08
358,お金,おかね,钱，金钱,名词,新标初_08
359,ボールペン,ボールペン,圆珠笔,名词,新标初_08
360,宿題,しゅくだい,作业,名词,新标初_08
361,航空便,こうくうびん,航空邮件,名词,新标初_08
362,速達,そくたつ,速递，快件,名词,新标初_08
363,ファックス,ファックス,传真,名词,新标初_08
364,メール,メール,邮件,名词,新标初_08
365,電話番号,でんわばんごう,电话号码,名词,新标初_08
366,住所,じゅうしょ,住址,名词,新标初_08
367,名前,なまえ,姓名,名词,新标初_08
368,件,けん,事件，事情,名词,新标初_08
369,新聞紙,しんぶんし,报纸,名词,新标初_08
370,紙飛行機,かみひこうき,纸折的飞机,名词,新标初_08
371,チョコレート,チョコレート,巧克力,名词,新标初_08
372,アイスクリーム,アイスクリーム,冰激凌,名词,新标初_08
373,小麦粉,こむぎこ,面粉,名词,新标初_08
374,はし,はし,筷子,名词,新标初_08
375,スプーン,スプーン,勺子,名词,新标初_08
376,お兄さん,おにいさん,哥哥,名词,新标初_08
377,韓国語,かんこくご,韩语,名词,新标初_08
378,夕方,ゆうがた,傍晚,名词,新标初_08
379,昼休み,ひるやすみ,午休,名词,新标初_08
380,もらいます,もらいます,拿到，得到,动1,新标初_08
381,会います,あいます,见,动1,新标初_08
382,送ります,おくります,寄,动1,新标初_08
383,作ります,つくります,做，制造,动1,新标初_08
384,太ります,ふとります,胖,动1,新标初_08
385,出します,だします,寄,动1,新标初_08
386,届きます,とどきます,收到，送到，寄到,动1,新标初_08
387,かきます,かきます,画,动1,新标初_08
388,貸します,かします,借出，借给,动1,新标初_08
389,習います,ならいます,学习,动1,新标初_08
390,あげます,あげます,给,动2,新标初_08
391,かけます,かけます,打（电话）,动2,新标初_08
392,借ります,かります,向别人）借,动2,新标初_08
393,教えます,おしえます,教,动2,新标初_08
394,もう,もう,已经,副词,新标初_08
395,さっき,さっき,刚才,副词,新标初_08
396,たった今,たったいま,刚刚,副词,新标初_08
397,もう一度,もういちど,再一次,副词,新标初_08
398,前に,まえに,以前,副词,新标初_08
399,陳,ちん,陈,专有词,新标初_08
400,どうですか,どうですか,怎样，如何,惯用语,新标初_08
401,お願いします,おねがいします,拜托了,惯用语,新标初_08
402,分かりました,わかりました,明白了,惯用语,新标初_08
403,よかったです,よかったです,太好了,惯用语,新标初_08
404,料理,りょうり,菜肴，饭菜,名词,新标初_09
405,四川料理,しせんりょうり,四川菜,名词,新标初_09
406,スープ,スープ,汤,名词,新标初_09
407,北京ダック,ぺキンダック,北京烤鸭,名词,新标初_09
408,食べ物,たべもの,食物，食品,名词,新标初_09
409,すき焼き,すきやき,日式牛肉火锅,名词,新标初_09
410,温泉,おんせん,温泉,名词,新标初_09
411,お湯,おゆ,热水，开水,名词,新标初_09
412,水,みず,水，凉水,名词,新标初_09
413,浴衣,ゆかた,浴衣，夏季和服,名词,新标初_09
414,眺め,ながめ,景色，风景,名词,新标初_09
415,薬,くすり,药,名词,新标初_09
416,天気,てんき,天气,名词,新标初_09
417,海,うみ,大海,名词,新标初_09
418,山,やま,山,名词,新标初_09
419,紙,かみ,纸,名词,新标初_09
420,ニュース,ニュース,新闻,名词,新标初_09
421,女性,じょせい,女性,名词,新标初_09
422,お客様,おきゃくさま,来宾,名词,新标初_09
423,グラス,グラス,玻璃杯,名词,新标初_09
424,歌舞伎,かぶき,歌舞伎,名词,新标初_09
425,気持ち,きもち,心情,名词,新标初_09
426,たくさん,たくさん,很多,名词,新标初_09
427,辛い,からい,辣,形容词,新标初_09
428,甘い,あまい,甜,形容词,新标初_09
429,塩辛い/しょっぱい,しおからい,咸,形容词,新标初_09
430,酸っぱい,すっぱい,酸,形容词,新标初_09
431,苦い,にがい,苦,形容词,新标初_09
432,おいしい,おいしい,好吃，可口,形容词,新标初_09
433,まずい,まずい,不好吃，难吃,形容词,新标初_09
434,あつい,あつい,热，烫,形容词,新标初_09
435,冷たい,つめたい,凉,形容词,新标初_09
436,楽しい,たのしい,愉快，快乐,形容词,新标初_09
437,おもしろい,おもしろい,有趣，有意思,形容词,新标初_09
438,つまらない,つまらない,无聊,形容词,新标初_09
439,広い,ひろい,广阔，宽敞,形容词,新标初_09
440,狭い,せまい,狭窄,形容词,新标初_09
441,大きい,おおきい,大,形容词,新标初_09
442,小さい,ちいさい,小,形容词,新标初_09
443,忙しい,いそがしい,忙，忙碌,形容词,新标初_09
444,いい,いい,好,形容词,新标初_09
445,悪い,わるい,不好，坏,形容词,新标初_09
446,すばらしい,すばらしい,极好，绝佳,形容词,新标初_09
447,遠い,とおい,远,形容词,新标初_09
448,近い,ちかい,近,形容词,新标初_09
449,高い,たかい,高，贵,形容词,新标初_09
450,低い,ひくい,低,形容词,新标初_09
451,安い,やすい,便宜,形容词,新标初_09
452,寒い,さむい,寒冷,形容词,新标初_09
453,暑い,あつい,天气）热,形容词,新标初_09
454,青い,あおい,蓝色的,形容词,新标初_09
455,白い,しろい,白色的,形容词,新标初_09
456,新しい,あたらしい,新,形容词,新标初_09
457,古い,ふるい,旧,形容词,新标初_09
458,難しい,むずかしい,难,形容词,新标初_09
459,易しい,やさしい,容易,形容词,新标初_09
460,多い,おおい,多,形容词,新标初_09
461,少ない,すくない,少,形容词,新标初_09
462,かわいい,かわいい,可爱,形容词,新标初_09
463,本当に,ほんとうに,真的，实在是,副词,新标初_09
464,あまり,あまり,不（太）～，不很～,副词,新标初_09
465,とても/たいへん,とても/たいへん,很，非常,副词,新标初_09
466,少し/ちょっと,すこし/ちょっと,一点儿,副词,新标初_09
467,全然,ぜんぜん,根本,副词,新标初_09
468,ちょうど,ちょうど,正好，恰好,副词,新标初_09
469,あら/あれ,あら/あれ,哎呀，咦,感叹词,新标初_09
470,ああ,ああ,啊,感叹词,新标初_09
471,天安門,てんあんもん,天安门,专有词,新标初_09
472,万里の長城,ばんりのちょうじょう,万里长城,专有词,新标初_09
473,気持ちがいい,きもちがいい,感觉舒服，心情愉快,惯用语,新标初_09
474,紅葉,もみじ,红叶,名词,新标初_10
475,故郷,こきょう,故乡,名词,新标初_10
476,通り,とおり,大街,名词,新标初_10
477,町,まち,城市，街道,名词,新标初_10
478,所,ところ,场所,名词,新标初_10
479,お店,おみせ,餐馆；商店,名词,新标初_10
480,人形,にんぎょう,玩偶,名词,新标初_10
481,作品,さくひん,作品,名词,新标初_10
482,彫刻,ちょうこく,雕刻,名词,新标初_10
483,自動車,じどうしゃ,汽车,名词,新标初_10
484,道具,どうぐ,工具,名词,新标初_10
485,魚,さかな,鱼,名词,新标初_10
486,お菓子,おかし,点心,名词,新标初_10
487,物,もの,物品，东西,名词,新标初_10
488,シーズン,シーズン,季节,名词,新标初_10
489,修学旅行,しゅうがくりょこう,修学旅行,名词,新标初_10
490,観光客,かんこうきゃく,游客,名词,新标初_10
491,作家,さっか,作家,名词,新标初_10
492,部長,ぶちょう,部长,名词,新标初_10
493,平日,へいじつ,平日，非休息日,名词,新标初_10
494,日,ひ,日子,名词,新标初_10
495,生活,せいかつ,生活,名词,新标初_10
496,世界,せかい,世界,名词,新标初_10
497,晴れ,はれ,晴天,名词,新标初_10
498,雨,あめ,雨，下雨,名词,新标初_10
499,曇り,くもり,阴天,名词,新标初_10
500,雪,ゆき,雪,名词,新标初_10
501,汚い,きたない,脏,形容词,新标初_10
502,きれい,きれい,漂亮，干净,形容动词,新标初_10
503,有名,ゆうめい,有名,形容动词,新标初_10
504,にぎやか,にぎやか,热闹，繁华,形容动词,新标初_10
505,静か,しずか,安静,形容动词,新标初_10
506,暇,ひま,空闲,形容动词,新标初_10
507,親切,しんせつ,热情,形容动词,新标初_10
508,好き,すき,喜欢,形容动词,新标初_10
509,嫌い,きらい,讨厌,形容动词,新标初_10
510,便利,べんり,方便,形容动词,新标初_10
511,不便,ふべん,不方便,形容动词,新标初_10
512,元気,げんき,健康，有精神,形容动词,新标初_10
513,簡単,かんたん,简单,形容动词,新标初_10
514,ハンサム,ハンサム,英俊，帅气,形容动词,新标初_10
515,どんな,どんな,什么样的，怎样的,代词,新标初_10
516,どう,どう,怎样，如何,副词,新标初_10
517,いかが,いかが,如何,副词,新标初_10
518,いろいろ,いろいろ,各种各样,副词,新标初_10
519,でも,でも,可是，不过,接续词,新标初_10
520,そして,そして,而且，于是,接续词,新标初_10
521,ところで,ところで,（转换话题）哎,接续词,新标初_10
522,あれえ,あれえ,咦,感叹词,新标初_10
523,奈良,なら,奈良,专有词,新标初_10
524,富士山,ふじさん,富士山,专有词,新标初_10
525,もう少し,もうすこし,再～一点,惯用语,新标初_10
526,日文,假名,中文,类型,新标初_10
527,歌,うた,歌，歌曲,名词,新标初_11
528,カラオケ,カラオケ,卡拉OK,名词,新标初_11
529,ロック,ロック,摇滚乐,名词,新标初_11
530,ポップス,ポップス,流行音乐,名词,新标初_11
531,クラシック,クラシック,西方古典音乐,名词,新标初_11
532,ピアノ,ピアノ,钢琴,名词,新标初_11
533,絵,え,画儿,名词,新标初_11
534,英語,えいご,英语,名词,新标初_11
535,スペイン語,スペインご,西班牙语,名词,新标初_11
536,スポーツ,スポーツ,体育，运动,名词,新标初_11
537,水泳,すいえい,游泳,名词,新标初_11
538,ゴルフ,ゴルフ,高尔夫球,名词,新标初_11
539,運転,うんてん,开车,名词,新标初_11
540,飲み物,のみもの,饮料,名词,新标初_11
541,お酒,おさけ,酒，酒类,名词,新标初_11
542,肉,にく,肉,名词,新标初_11
543,野菜,やさい,蔬菜,名词,新标初_11
544,果物,くだもの,水果,名词,新标初_11
545,ヒマワリ,ヒマワリ,向日葵,名词,新标初_11
546,バラ,バラ,蔷薇，玫瑰,名词,新标初_11
547,コンピュータ,コンピュータ,计算机，电脑,名词,新标初_11
548,窓,まど,窗，窗户,名词,新标初_11
549,結婚式,けっこんしき,结婚典礼,名词,新标初_11
550,写真展,しゃしんてん,摄影展,名词,新标初_11
551,旅館,りょかん,旅馆，旅店,名词,新标初_11
552,別荘,べっそう,别墅,名词,新标初_11
553,寄木細工,よせぎざいく,木片儿拼花工艺品,名词,新标初_11
554,模様,もよう,花纹，纹案,名词,新标初_11
555,外国,がいこく,外国,名词,新标初_11
556,会議,かいぎ,会议,名词,新标初_11
557,脚,あし,腿,名词,新标初_11
558,僕,ぼく,我（男性自称）,代词,新标初_11
559,分かります,わかります,懂，明白,动1,新标初_11
560,迷います,まよいます,犹豫，难以决定,动1,新标初_11
561,できます,できます,会；能；完成,动2,新标初_11
562,閉めます,しめます,关闭，关门,动2,新标初_11
563,疲れます,つかれます,疲倦，疲惫,动2,新标初_11
564,散歩します,さんぽします,散步,动3,新标初_11
565,怖い,こわい,害怕，恐怖,形容词,新标初_11
566,赤い,あかい,红,形容词,新标初_11
567,痛い,いたい,疼，疼痛,形容词,新标初_11
568,上手,じょうず,擅长，高明，水平高,形容动词,新标初_11
569,下手,へた,不高明，水平低,形容动词,新标初_11
570,苦手,にがて,不擅长，不善于,形容动词,新标初_11
571,時々,ときどき,有时，时不时,副词,新标初_11
572,よく,よく,经常，常常,副词,新标初_11
573,たまに,たまに,偶尔，很少,副词,新标初_11
574,また,また,还，再，又,副词,新标初_11
575,どうして,どうして,为什么,副词,新标初_11
576,だから/ですから,だから/ですから,所以，因此,接续词,新标初_11
577,うーん,うーん,嗯……，这个……,感叹词,新标初_11
578,結構です,けっこうです,不用，不要,惯用语,新标初_11
579,気に入ります,きにいります,喜欢，中意,惯用语,新标初_11
580,季節,きせつ,季节,名词,新标初_12
581,冬,ふゆ,冬天，冬季,名词,新标初_12
582,春,はる,春天，春季,名词,新标初_12
583,日本料理,にほんりょうり,日式饭菜,名词,新标初_12
584,寿司,すし,寿司,名词,新标初_12
585,ナシ,ナシ,梨,名词,新标初_12
586,バナナ,バナナ,香蕉,名词,新标初_12
587,ミカン,ミカン,橘子,名词,新标初_12
588,焼酎,しょうちゅう,烧酒,名词,新标初_12
589,日本酒,にほんしゅ,日本酒,名词,新标初_12
590,紅茶,こうちゃ,红茶,名词,新标初_12
591,ウーロン茶,ウーロンちゃ,乌龙茶,名词,新标初_12
592,ジャスミン茶,ジャスミンちゃ,茉莉花茶,名词,新标初_12
593,緑茶,りょくちゃ,绿茶,名词,新标初_12
594,ジュース,ジュース,果汁,名词,新标初_12
595,人気,にんき,声望，受欢迎,名词,新标初_12
596,席,せき,座位，席位,名词,新标初_12
597,クラス,クラス,班级,名词,新标初_12
598,種類,しゅるい,种类,名词,新标初_12
599,背,せ,个子,名词,新标初_12
600,兄,あに,哥哥，兄长,名词,新标初_12
601,最近,さいきん,最近，近来,名词,新标初_12
602,降ります,ふります,下（雨，雪），降（雨，雪）,动1,新标初_12
603,若い,わかい,年轻,形容词,新标初_12
604,暖かい,あたたかい,暖和，温暖,形容词,新标初_12
605,涼しい,すずしい,凉爽,形容词,新标初_12
606,速い,はやい,快,形容词,新标初_12
607,大好き,だいすき,非常喜欢,形容动词,新标初_12
608,いちばん,いちばん,最，第一,副词,新标初_12
609,ずっと,ずっと,～得多,副词,新标初_12
610,やはり/やっぱり,やはり/やっぱり,仍然，还是,副词,新标初_12
611,エベレスト,エベレスト,珠穆朗玛峰,专有词,新标初_12
612,人気があります,にんきがあります,受欢迎,惯用语,新标初_12
613,荷物,にもつ,包裹,名词,新标初_13
614,はがき,はがき,明信片,名词,新标初_13
615,切手,きって,邮票,名词,新标初_13
616,引き出し,ひきだし,抽屉,名词,新标初_13
617,アルバム,アルバム,相册,名词,新标初_13
618,タバコ,タバコ,烟，烟草,名词,新标初_13
619,漫画,まんが,漫画,名词,新标初_13
620,ガレージ,ガレージ,车库，汽车房,名词,新标初_13
621,修理,しゅうり,修理,名词,新标初_13
622,居酒屋,いざかや,酒馆,名词,新标初_13
623,生ビール,なまビール,生啤,名词,新标初_13
624,焼き鳥,やきとり,烤鸡肉串,名词,新标初_13
625,唐揚げ,からあげ,炸鸡，油炸食品,名词,新标初_13
626,肉じゃが,にくじゃが,土豆炖肉,名词,新标初_13
627,ボーリング,ボーリング,保龄球,名词,新标初_13
628,髪,かみ,头发,名词,新标初_13
629,象,ぞう,象，大象,名词,新标初_13
630,昼,ひる,白天，中午,名词,新标初_13
631,ほか,ほか,另外，其他,名词,新标初_13
632,かかります,かかります,花费（时间，金钱）,动1,新标初_13
633,咲きます,さきます,花开,动1,新标初_13
634,泳ぎます,およぎます,游泳,动1,新标初_13
635,遊びます,あそびます,玩，玩耍,动1,新标初_13
636,吸います,すいます,吸（烟）,动1,新标初_13
637,切ります,きります,剪，切，割,动1,新标初_13
638,だいたい,だいたい,大约，大概，大体,副词,新标初_13
639,とりあえず,とりあえず,暂且,副词,新标初_13
640,どのぐらい/どれぐらい,どのぐらい/どれぐらい,多久，多少钱,惯用语,新标初_13
641,船便,ふなびん,海运,名词,新标初_14
642,書類,しょるい,文件，文稿,名词,新标初_14
643,原稿,げんこう,稿子，原稿,名词,新标初_14
644,記事,きじ,报道,名词,新标初_14
645,メモ,メモ,记录,名词,新标初_14
646,駅前,えきまえ,车站一带,名词,新标初_14
647,橋,はし,桥，桥梁,名词,新标初_14
648,角,かど,拐角,名词,新标初_14
649,横断歩道,おうだんほどう,人行横道,名词,新标初_14
650,右,みぎ,右，右边,名词,新标初_14
651,左,ひだり,左，左边,名词,新标初_14
652,交差点,こうさてん,十字路口,名词,新标初_14
653,道,みち,路，道路,名词,新标初_14
654,ドア,ドア,门,名词,新标初_14
655,電気,でんき,电，电力,名词,新标初_14
656,太極拳,たいきょくけん,太极拳,名词,新标初_14
657,朝ご飯,あさごはん,早饭,名词,新标初_14
658,晩ご飯,ばんごはん,晚饭,名词,新标初_14
659,バーベキュー,バーベキュー,户外烧烤,名词,新标初_14
660,通ります,とおります,通过，经过,动1,新标初_14
661,急ぎます,いそぎます,急，急忙,动1,新标初_14
662,飛びます,とびます,飞，飞行,动1,新标初_14
663,死にます,しにます,死，死亡,动1,新标初_14
664,待ちます,まちます,等待，等候,动1,新标初_14
665,売ります,うります,卖，销售,动1,新标初_14
666,話します,はなします,说话，说,动1,新标初_14
667,渡ります,わたります,过（桥，河），穿过（马路）,动1,新标初_14
668,下ろします,おろします,取，卸货,动1,新标初_14
669,選びます,えらびます,挑选，选择,动1,新标初_14
670,消します,けします,关（灯），消除，去除,动1,新标初_14
671,歩きます,あるきます,步行，行走,动1,新标初_14
672,曲がります,まがります,拐弯，曲折,动1,新标初_14
673,洗います,あらいます,洗，洗涤,动1,新标初_14
674,出ます,でます,离开,动2,新标初_14
675,出かけます,でかけます,外出，出门,动2,新标初_14
676,開けます,あけます,开，打开，开启,动2,新标初_14
677,過ぎます,すぎます,过,动2,新标初_14
678,見せます,みせます,给～看；出示,动2,新标初_14
679,つけます,つけます,开（灯）,动2,新标初_14
680,降ります,おります,下（车，山）,动2,新标初_14
681,買い物します,かいものします,买东西,动3,新标初_14
682,卒業します,そつぎょうします,毕业,动3,新标初_14
683,食事します,しょくじします,吃饭，用餐,动3,新标初_14
684,整理します,せいりします,整理,动3,新标初_14
685,コピーします,コピーします,复印,动3,新标初_14
686,暗い,くらい,黑暗，昏暗,形容词,新标初_14
687,大変,たいへん,够受的，不得了,形容动词,新标初_14
688,なかなか,なかなか,相当，很，非常,副词,新标初_14
689,こう,こう,这样，如此,副词,新标初_14
690,そう/ああ,そう/ああ,那样,副词,新标初_14
691,後で,あとで,过会儿,副词,新标初_14
692,それから,それから,然后,接续词,新标初_14
693,すみませんが,すみませんが,对不起……，劳驾……,惯用语,新标初_14
694,ボート,ボート,小船，小艇,名词,新标初_15
695,ベンチ,ベンチ,长椅，长凳,名词,新标初_15
696,市役所,しやくしょ,市政府,名词,新标初_15
697,携帯電話,けいたいでんわ,手机,名词,新标初_15
698,禁煙,きんえん,禁止吸烟,名词,新标初_15
699,風邪,かぜ,感冒,名词,新标初_15
700,熱,ねつ,发烧，体温,名词,新标初_15
701,睡眠,すいみん,睡眠,名词,新标初_15
702,お風呂,おふろ,澡堂，浴室,名词,新标初_15
703,薬局,やっきょく,药店,名词,新标初_15
704,クーラー,クーラー,空调,名词,新标初_15
705,火,ひ,火,名词,新标初_15
706,気,き,精神，意识,名词,新标初_15
707,打ち合わせ,うちあわせ,事先商量，碰头，商洽,名词,新标初_15
708,無理,むり,勉强，难以办到,名词,新标初_15
709,駐車禁止,ちゅうしゃきんし,禁止停车,名词,新标初_15
710,立入禁止,たちいりきんし,禁止进入,名词,新标初_15
711,火気厳禁,かきげんきん,严禁烟火,名词,新标初_15
712,撮影禁止,さつえいきんし,禁止拍照,名词,新标初_15
713,乗ります,のります,乘坐，乘,动1,新标初_15
714,使います,つかいます,用，使用,动1,新标初_15
715,座ります,すわります,坐，落座,动1,新标初_15
716,入ります,はいります,进入，加入,动1,新标初_15
717,申します,もうします,是，说，讲，告诉,动1,新标初_15
718,とります,とります,取，取得,动1,新标初_15
719,歌います,うたいます,唱，歌唱,动1,新标初_15
720,伝えます,つたえます,说，传达，转告,动2,新标初_15
721,止めます,とめます,停，制止,动2,新标初_15
722,暖かい,あたたかい,热乎，温暖,形容词,新标初_15
723,大丈夫,だいじょうぶ,没关系，放心,形容动词,新标初_15
724,だめ,だめ,不行，不可以,形容动词,新标初_15
725,十分,じゅうぶん,好好地，充足地,副词,新标初_15
726,もちろん,もちろん,当然，不用说,副词,新标初_15
727,ゆっくり,ゆっくり,好好地，安静地,副词,新标初_15
728,もしもし,もしもし,喂,感叹词,新标初_15
729,いえ,いえ,不，不是,感叹词,新标初_15
730,お大事に,おだいじに,请多保重,惯用语,新标初_15
731,いけません,いけません,不行，不可以,惯用语,新标初_15
732,かまいません,かまいません,没关系，不要紧,惯用语,新标初_15
733,まだです,まだです,还没有，仍然……没有,惯用语,新标初_15
734,気をつけます,きをつけます,注意,惯用语,新标初_15
735,無理をします,むりをします,勉强,惯用语,新标初_15
736,睡眠をとります,すいみんをとります,睡觉,惯用语,新标初_15
737,お風呂にはいります,おふろにはいります,洗澡,惯用语,新标初_15
738,操作,そうさ,操作，操纵,名词,新标初_16
739,機械,きかい,机械，机器,名词,新标初_16
740,旅行会社,りょこうがいしゃ,旅行社,名词,新标初_16
741,航空会社,こうくうがいしゃ,航空公司,名词,新标初_16
742,営業部,えいぎょうぶ,营业部,名词,新标初_16
743,ＩＴ産業,アイティーさんぎょう,IT产业，信息技术产业,名词,新标初_16
744,製品,せいひん,产品,名词,新标初_16
745,建築家,けんちくか,建筑师,名词,新标初_16
746,設計,せっけい,设计,名词,新标初_16
747,デザイン,デザイン,设计（图），（制作）图案,名词,新标初_16
748,形,かたち,造型，形状，形式,名词,新标初_16
749,最新,さいしん,最新,名词,新标初_16
750,ネクタイ,ネクタイ,领带,名词,新标初_16
751,財布,さいふ,钱包,名词,新标初_16
752,革,かわ,革，皮革,名词,新标初_16
753,布,ぬの,布，布匹,名词,新标初_16
754,水筒,すいとう,水壶，水筒,名词,新标初_16
755,緑,みどり,绿，绿色,名词,新标初_16
756,足,あし,脚,名词,新标初_16
757,指,ゆび,手指，指头,名词,新标初_16
758,目,め,眼，眼睛,名词,新标初_16
759,鼻,はな,鼻，鼻子,名词,新标初_16
760,顔,かお,脸，颜面,名词,新标初_16
761,頭,あたま,头，头脑,名词,新标初_16
762,ＩＤカード,アイディーカード,身份证件,名词,新标初_16
763,間違い,まちがい,错误，失误,名词,新标初_16
764,問題,もんだい,问题,名词,新标初_16
765,広告,こうこく,广告,名词,新标初_16
766,看板,かんばん,牌子,名词,新标初_16
767,展示場,てんじじょう,展览会场,名词,新标初_16
768,入場料,にゅうじょうりょう,门票，进场费,名词,新标初_16
769,サービス,サービス,服务,名词,新标初_16
770,天井,てんじょう,天棚,名词,新标初_16
771,警備,けいび,戒备，警备,名词,新标初_16
772,クリスマスツリー,クリスマスツリー,圣诞树,名词,新标初_16
773,オーストラリア人,オーストラリアじん,澳大利亚人,名词,新标初_16
774,皆さん,みなさん,大家，诸位,名词,新标初_16
775,子,こ,孩子,名词,新标初_16
776,横,よこ,旁边，侧面,名词,新标初_16
777,持ちます,もちます,有，拥有，持有,动1,新标初_16
778,住みます,すみます,住，居住,动1,新标初_16
779,知ります,しります,认识，知道，了解,动1,新标初_16
780,直します,なおします,改，修改，改正,动1,新标初_16
781,片づけます,かたづけます,收拾，整理,动2,新标初_16
782,練習します,れんしゅうします,练习,动3,新标初_16
783,結婚します,けっこんします,结婚,动3,新标初_16
784,安心します,あんしんします,安心，放心,动3,新标初_16
785,明るい,あかるい,明亮，开朗,形容词,新标初_16
786,長い,ながい,长，长久，长远,形容词,新标初_16
787,短い,みじかい,短，短暂,形容词,新标初_16
788,軽い,かるい,轻巧，轻，轻松，轻微,形容词,新标初_16
789,優しい,やさしい,和蔼，温和，体贴,形容词,新标初_16
790,細い,ほそい,小，细长，纤细,形容词,新标初_16
791,太い,ふとい,粗，胖,形容词,新标初_16
792,黒い,くろい,黑，黑色,形容词,新标初_16
793,ユニーク,ユニーク,独特，唯一,形容动词,新标初_16
794,安全,あんぜん,安全,形容动词,新标初_16
795,派手,はで,耀眼，花哨,形容动词,新标初_16
796,地味,じみ,朴素，质朴,形容动词,新标初_16
797,厳重,げんじゅう,森严；严格,形容动词,新标初_16
798,まじめ,まじめ,认真；严肃,形容动词,新标初_16
799,大切,たいせつ,重要，珍贵,形容动词,新标初_16
800,複雑,ふくざつ,复杂，繁杂,形容动词,新标初_16
801,ちゃんと,ちゃんと,好好地，的确，完全,副词,新标初_16
802,すぐ,すぐ,马上，立即,副词,新标初_16
803,ずいぶん,ずいぶん,相当，非常，很,副词,新标初_16
804,ほら,ほら,你看，瞧，喂,感叹词,新标初_16
805,日中電気,にっちゅうでんき,日中电器,专有词,新标初_16
806,頭がいい,あたまがいい,脑子好，聪明,惯用语,新标初_16
807,洋服,ようふく,西服,名词,新标初_17
808,セーター,セーター,毛衣,名词,新标初_17
809,ノートパソコン,ノートパソコン,笔记本电脑,名词,新标初_17
810,バイク,バイク,摩托车,名词,新标初_17
811,お汁粉,おしるこ,年糕小豆汤,名词,新标初_17
812,天ぷら,てんぷら,天麸罗,名词,新标初_17
813,初詣,はつもうで,新年后首次参拜,名词,新标初_17
814,健康,けんこう,健康,名词,新标初_17
815,恋愛,れんあい,恋爱,名词,新标初_17
816,ドラマ,ドラマ,连续剧,名词,新标初_17
817,相手,あいて,对象，对方,名词,新标初_17
818,恋人,こいびと,恋人,名词,新标初_17
819,先輩,せんぱい,前辈,名词,新标初_17
820,男性,だんせい,男性,名词,新标初_17
821,外国人,がいこくじん,外国人,名词,新标初_17
822,夏,なつ,夏天,名词,新标初_17
823,始めます,はじめます,开始,动2,新标初_17
824,連絡します,れんらくします,联系,动3,新标初_17
825,欲しい,ほしい,想要,形容词,新标初_17
826,立派,りっぱ,美观，杰出,形容动词,新标初_17
827,今度,こんど,下次；这回,副词,新标初_17
828,ぜひ,ぜひ,一定,副词,新标初_17
829,そろそろ,そろそろ,快要,副词,新标初_17
830,まず,まず,先，首先,副词,新标初_17
831,ベートーベン,ベートーベン,贝多芬,专有词,新标初_17
832,ショパン,ショパン,肖邦,专有词,新标初_17
833,故宮,こきゅう,故宫,专有词,新标初_17
834,ヨーロッパ,ヨーロッパ,欧洲,专有词,新标初_17
835,香港,ホンコン,香港,专有词,新标初_17
836,スイス,スイス,瑞士,专有词,新标初_17
837,音,おと,声音，响声,名词,新标初_18
838,声,こえ,声音,名词,新标初_18
839,空気,くうき,空气,名词,新标初_18
840,息子,むすこ,儿子,名词,新标初_18
841,医者,いしゃ,医生,名词,新标初_18
842,お嬢さん,おじょうさん,令爱,名词,新标初_18
843,社会人,しゃかいじん,社会的一员，成人,名词,新标初_18
844,旅行ガイド,りょこうガイド,旅行导游,名词,新标初_18
845,学者,がくしゃ,学者,名词,新标初_18
846,パイロット,パイロット,飞行员,名词,新标初_18
847,デザイナー,デザイナー,设计者，设计家,名词,新标初_18
848,タイムサービス,タイムサービス,时段廉价销售,名词,新标初_18
849,新春セール,しんしゅんセール,新年大甩卖,名词,新标初_18
850,３割引,さんわりびき,七折,名词,新标初_18
851,定価,ていか,定价,名词,新标初_18
852,半額,はんがく,半价,名词,新标初_18
853,値段,ねだん,价格,名词,新标初_18
854,シャツ,シャツ,衬衫,名词,新标初_18
855,スカート,スカート,裙子,名词,新标初_18
856,色,いろ,颜色,名词,新标初_18
857,赤,あか,红色,名词,新标初_18
858,青,あお,蓝色,名词,新标初_18
859,お正月,おしょうがつ,过年，新年,名词,新标初_18
860,時間,じかん,时间,名词,新标初_18
861,将来,しょうらい,将来,名词,新标初_18
862,準備,じゅんび,准备,名词,新标初_18
863,病気,びょうき,疾病,名词,新标初_18
864,なります,なります,变，当，变成，成为,动1,新标初_18
865,開きます,あきます,开,动1,新标初_18
866,似合います,にあいます,适合，相称,动1,新标初_18
867,うるさい,うるさい,闹，使人心烦,形容词,新标初_18
868,シンプル,シンプル,单纯，简洁,形容动词,新标初_18
869,間もなく,まもなく,马上，一会儿，不久,副词,新标初_18
870,さらに/もっと,さらに/もっと,更加，更,副词,新标初_18
871,さあ,さあ,啊，喂,感叹词,新标初_18
872,できるだけ,できるだけ,尽量，尽可能,惯用语,新标初_18
873,まとめて,まとめて,一下子，一起，汇总，汇集,惯用语,新标初_18
874,今から,いまから,从现在起,惯用语,新标初_18
875,品物,しなもの,物品，商品,名词,新标初_19
876,お皿,おさら,盘子,名词,新标初_19
877,ごみ,ごみ,垃圾,名词,新标初_19
878,初心者,しょしんしゃ,初学者,名词,新标初_19
879,上級者,じょうきゅうしゃ,熟练者,名词,新标初_19
880,高級,こうきゅう,高级,名词,新标初_19
881,上級クラス,じょうきゅうクラス,高级班,名词,新标初_19
882,英会話,えいかいわ,英语会话,名词,新标初_19
883,コース,コース,路线，滑道,名词,新标初_19
884,スキー,スキー,滑雪,名词,新标初_19
885,レポート,レポート,报告,名词,新标初_19
886,パスポート,パスポート,护照,名词,新标初_19
887,のど,のど,喉咙,名词,新标初_19
888,触ります,さわります,碰，触,动1,新标初_19
889,脱ぎます,ぬぎます,脱,动1,新标初_19
890,転びます,ころびます,摔，摔倒，跌倒,动1,新标初_19
891,渇きます,かわきます,渴,动1,新标初_19
892,治ります,なおります,痊愈，医好,动1,新标初_19
893,滑ります,すべります,滑，滑行,动1,新标初_19
894,呼びます,よびます,呼喊,动1,新标初_19
895,返します,かえします,归还,动1,新标初_19
896,手伝います,てつだいます,帮忙,动1,新标初_19
897,運びます,はこびます,搬运,动1,新标初_19
898,なくします,なくします,丢，丢失,动1,新标初_19
899,落とします,おとします,掉，使落下,动1,新标初_19
900,置きます,おきます,放置,动1,新标初_19
901,払います,はらいます,支付,动1,新标初_19
902,立ちます,たちます,站，立,动1,新标初_19
903,忘れます,わすれます,忘记,动2,新标初_19
904,慌てます,あわてます,慌张，惊慌，着急,动2,新标初_19
905,捨てます,すてます,扔，扔掉,动2,新标初_19
906,残業します,ざんぎょうします,加班,动3,新标初_19
907,心配します,しんぱいします,担心,动3,新标初_19
908,本当,ほんとう,真的，真正,形容动词,新标初_19
909,早く,はやく,早点儿,副词,新标初_19
910,やっと,やっと,好不容易，终于,副词,新标初_19
911,だいぶ,だいぶ,很，相当地,副词,新标初_19
912,初めて,はじめて,第一次,副词,新标初_19
913,先に,さきに,先,副词,新标初_19
914,山田,やまだ,山田,专有词,新标初_19
915,趣味,しゅみ,爱好,名词,新标初_20
916,特技,とくぎ,特长，拿手的技术,名词,新标初_20
917,興味,きょうみ,兴趣,名词,新标初_20
918,夢,ゆめ,梦，理想,名词,新标初_20
919,ギター,ギター,吉他,名词,新标初_20
920,胡弓,こきゅう,胡琴,名词,新标初_20
921,書道,しょどう,书法,名词,新标初_20
922,釣り,つり,钓鱼,名词,新标初_20
923,ドライブ,ドライブ,兜风，开汽车远游,名词,新标初_20
924,編み物,あみもの,编制；编织品,名词,新标初_20
925,手作り,てづくり,手工做，自己做，手制,名词,新标初_20
926,中華街,ちゅうかがい,中华街,名词,新标初_20
927,中華料理,ちゅうかりょうり,中国菜,名词,新标初_20
928,餃子,ギョーザ,饺子,名词,新标初_20
929,皮,かわ,皮,名词,新标初_20
930,春節,しゅんせつ,春节,名词,新标初_20
931,獅子舞,ししまい,狮子舞,名词,新标初_20
932,寮,りょう,宿舍,名词,新标初_20
933,洗濯機,せんたくき,洗衣机,名词,新标初_20
934,シャワー,シャワー,淋浴,名词,新标初_20
935,おなか,おなか,肚子,名词,新标初_20
936,授業,じゅぎょう,授课，上课,名词,新标初_20
937,資料,しりょう,资料,名词,新标初_20
938,フランス語,フランスご,法语,名词,新标初_20
939,小説,しょうせつ,小说,名词,新标初_20
940,海岸,かいがん,海岸,名词,新标初_20
941,冬休み,ふゆやすみ,寒假,名词,新标初_20
942,キャンプ,キャンプ,野营,名词,新标初_20
943,みんな,みんな,大家,名词,新标初_20
944,自分,じぶん,自己,名词,新标初_20
945,全員,ぜんいん,全员,名词,新标初_20
946,弾きます,ひきます,弹,动1,新标初_20
947,すきます,すきます,（肚子）饿，空,动1,新标初_20
948,登ります,のぼります,登，上,动1,新标初_20
949,集めます,あつめます,收集,动2,新标初_20
950,浴びます,あびます,淋；浇,动2,新标初_20
951,ごちそうします,ごちそうします,请客，摆盛宴,动3,新标初_20
952,帰国します,きこくします,回国,动3,新标初_20
953,特に,とくに,特别,副词,新标初_20
954,おなかがすきます,おなかがすきます,肚子饿,惯用语,新标初_20
955,日文,假名,中文,类型,新标初_20
956,言葉,ことば,语言,名词,新标初_21
957,メールアドレス,メールアドレス,邮件地址,名词,新标初_21
958,連休,れんきゅう,连休,名词,新标初_21
959,ゴールデンウィーク,ゴールデンウィーク,黄金周,名词,新标初_21
960,終わり,おわり,结束,名词,新标初_21
961,休憩時間,きゅうけいじかん,休息时间,名词,新标初_21
962,京劇,きょうげき,京剧,名词,新标初_21
963,切符,きっぷ,票(券）,名词,新标初_21
964,体,からだ,身体,名词,新标初_21
965,地震,じしん,地震,名词,新标初_21
966,泥棒,どろぼう,小偷，盗贼,名词,新标初_21
967,駐車場,ちゅうしゃじょう,停车场,名词,新标初_21
968,渡します,わたします,交给,动1,新标初_21
969,遅れます,おくれます,迟到,动2,新标初_21
970,考えます,かんがえます,考虑,动2,新标初_21
971,調べます,しらべます,调查,动2,新标初_21
972,着ます,きます,穿,动2,新标初_21
973,予約します,よやくします,预约,动3,新标初_21
974,感謝します,かんしゃします,感谢,动3,新标初_21
975,運動します,うんどうします,运动,动3,新标初_21
976,洗濯します,せんたくします,洗涤，洗,动3,新标初_21
977,報告します,ほうこくします,报告,动3,新标初_21
978,危ない,あぶない,危险,形容词,新标初_21
979,それとも,それとも,还是，或者,接续词,新标初_21
980,東京タワー,とうきょうタワー,东京塔,专有词,新标初_21
981,そんなに,そんなに,那么,惯用语,新标初_21
982,スキー場,スキーじょう,滑雪场,名词,新标初_22
983,送別会,そうべつかい,欢送会,名词,新标初_22
984,都合,つごう,方便；情况,名词,新标初_22
985,予定,よてい,预约,名词,新标初_22
986,おもちゃ,おもちゃ,玩具,名词,新标初_22
987,火事,かじ,火灾,名词,新标初_22
988,期間,きかん,时间，期间,名词,新标初_22
989,転勤,てんきん,调动工作,名词,新标初_22
990,携帯,けいたい,手机,名词,新标初_22
991,バドミントン,バドミントン,羽毛球,名词,新标初_22
992,ラケット,ラケット,球拍,名词,新标初_22
993,奥さん,おくさん,夫人，（别人的）爱人,名词,新标初_22
994,歌手,かしゅ,歌手,名词,新标初_22
995,大統領,だいとうりょう,总统,名词,新标初_22
996,やります,やります,做,动1,新标初_22
997,うれしい,うれしい,高兴,形容词,新标初_22
998,眠い,ねむい,困倦,形容词,新标初_22
999,重い,おもい,重，沉重,形容词,新标初_22
1000,急,きゅう,突然；紧急,形容动词,新标初_22
1001,まあまあ,まあまあ,大致，还算,副词,新标初_22
1002,ごめん,ごめん,抱歉，请原谅,感叹词,新标初_22
1003,ううん/いや,ううん/いや,不,感叹词,新标初_22
1004,うん,うん,嗯,感叹词,新标初_22
1005,清水,しみず,清水,专有词,新标初_22
1006,太田,おおた,太田,专有词,新标初_22
1007,モーツァルト,モーツァルト,莫扎特,专有词,新标初_22
1008,ディズニーランド,ディズニーランド,迪斯尼乐园,专有词,新标初_22
1009,週末,しゅうまつ,周末,名词,新标初_23
1010,スケート,スケート,滑冰，溜冰,名词,新标初_23
1011,味,あじ,口味，（食物的）味道,名词,新标初_23
1012,毎回,まいかい,每次，每回,名词,新标初_23
1013,通勤,つうきん,上下班，通勤,名词,新标初_23
1014,船,ふね,船,名词,新标初_23
1015,生地,きじ,布料，衣料,名词,新标初_23
1016,閉店時刻,へいてんじこく,关门时间,名词,新标初_23
1017,卒業式,そつぎょうしき,毕业典礼,名词,新标初_23
1018,違います,ちがいます,不同，不一样,动1,新标初_23
1019,込みます,こみます,拥挤，混杂,动1,新标初_23
1020,決まります,きまります,定，决定,动1,新标初_23
1021,知らせます,しらせます,告诉,动2,新标初_23
1022,確かめます,たしかめます,查（看），弄清,动2,新标初_23
1023,濃い,こい,口味）重；浓,形容词,新标初_23
1024,薄い,うすい,口味）轻；薄,形容词,新标初_23
1025,早い,はやい,早,形容词,新标初_23
1026,遅い,おそい,晚，慢,形容词,新标初_23
1027,たぶん,たぶん,可能，大概,副词,新标初_23
1028,東京駅,とうきょうえき,东京站,专有词,新标初_23
1029,ハイキング,ハイキング,郊游，远足,名词,新标初_24
1030,お別れ,おわかれ,分别，分手,名词,新标初_24
1031,話,はなし,说话,名词,新标初_24
1032,見送り,みおくり,送行，送别,名词,新标初_24
1033,間,あいだ,时间，期间,名词,新标初_24
1034,法律,ほうりつ,法律,名词,新标初_24
1035,思います,おもいます,想，思考,动1,新标初_24
1036,言います,いいます,说，讲,动1,新标初_24
1037,探します,さがします,找，寻找，寻求,动1,新标初_24
1038,笑います,わらいます,笑,动1,新标初_24
1039,やめます,やめます,戒，停止，放弃,动2,新标初_24
1040,決めます,きめます,决定,动2,新标初_24
1041,寝坊します,ねぼうします,睡懒觉,动3,新标初_24
1042,外出します,がいしゅつします,外出，出去,动3,新标初_24
1043,研究します,けんきゅうします,研究,动3,新标初_24
1044,おかしい,おかしい,可笑，滑稽,形容词,新标初_24
1045,いっぱい,いっぱい,满,副词,新标初_24
1046,すごい,すごい,惊人的，了不起,副词,新标初_24
1047,とうとう,とうとう,终于，终究，到底,副词,新标初_24
1048,必ず,かならず,一定，必定,副词,新标初_24
1049,絶対に,ぜったいに,绝对,副词,新标初_24
1050,馬,ば,马,专有词,新标初_24
1051,お世話になりました,おせわになりました,承蒙照顾,惯用语,新标初_24
1052,よろしくお伝えください,よろしくおつたえください,请代问好,惯用语,新标初_24
1053,お元気で,おげんきで,请多保重,惯用语,新标初_24
1054,お気をつけて,おきをつけて,小心点儿,惯用语,新标初_24
1055,さようなら,さようなら,再见,惯用语,新标初_24
1056,どうやって,どうやって,怎样，如何,惯用语,新标初_24
1057,役に立ちます,やくにたちます,有用,惯用语,新标初_24
1058,おなかがいっぱいです,おなかがいっぱいです,吃饱，饱,惯用语,新标初_24
1059,数学,すうがく,数学,名词,新标初_25
1060,専門,せんもん,专门,名词,新标初_25
1061,女優,じょゆう,女演员,名词,新标初_25
1062,営業課,えいぎょうか,营业科,名词,新标初_25
1063,市街,しがい,市内，市街，繁华街道,名词,新标初_25
1064,道路,どうろ,道路，马路,名词,新标初_25
1065,交通量,こうつうりょう,交通流量，通行量,名词,新标初_25
1066,空港,くうこう,机场,名词,新标初_25
1067,高速道路,こうそくどうろ,高速公路,名词,新标初_25
1068,部品工場,ぶひんこうじょう,零件制造厂,名词,新标初_25
1069,エレベーター,エレベーター,电梯,名词,新标初_25
1070,絵本,えほん,图画书，连环画,名词,新标初_25
1071,自然,しぜん,大自然,名词,新标初_25
1072,給料,きゅうりょう,工资,名词,新标初_25
1073,今夜,こんや,今天晚上,名词,新标初_25
1074,けが,けが,伤,名词,新标初_25
1075,泊まります,とまります,住，过夜，住宿,动1,新标初_25
1076,結びます,むすびます,连接，系,动1,新标初_25
1077,取ります,とります,印，记下,动1,新标初_25
1078,生まれます,うまれます,出生，诞生,动2,新标初_25
1079,倒産します,とうさんします,倒闭，破产,动3,新标初_25
1080,渋滞します,じゅうたいします,堵车，停滞,动3,新标初_25
1081,チェックします,チェックします,确认,动3,新标初_25
1082,豊か,ゆたか,充裕，丰富,形容动词,新标初_25
1083,大きな,おおきな,大的,连接词,新标初_25
1084,小さな,ちいさな,小的,连接词,新标初_25
1085,別に,べつに,并不,副词,新标初_25
1086,戴,たい,戴,专有词,新标初_25
1087,週,しゅう,周,专有词,新标初_25
1088,唐,とう,唐,专有词,新标初_25
1089,中国航空,ちゅうごくこうくう,中国航空,专有词,新标初_25
1090,天安飯店,てんあんはんてん,天安饭店,专有词,新标初_25
1091,三環路,さんかんろ,三环路,专有词,新标初_25
1092,このあたり,このあたり,这一带，这附近,惯用语,新标初_25
1093,大雨,おおあめ,大雨,名词,新标初_26
1094,桜,さくら,樱花,名词,新标初_26
1095,風,かぜ,风,名词,新标初_26
1096,月,つき,月亮,名词,新标初_26
1097,表,ひょう,表,名词,新标初_26
1098,握手,あくしゅ,握手,名词,新标初_26
1099,習慣,しゅうかん,习惯,名词,新标初_26
1100,お辞儀,おじぎ,鞠躬,名词,新标初_26
1101,あいさつ,あいさつ,寒暄,名词,新标初_26
1102,手,て,手,名词,新标初_26
1103,お客さん,おきゃくさん,顾客，客人,名词,新标初_26
1104,普通,ふつう,一般，普通,名词,新标初_26
1105,次,つぎ,这回，下面，下回,名词,新标初_26
1106,スーパー,スーパー,超市,名词,新标初_26
1107,料金,りょうきん,费用,名词,新标初_26
1108,会費,かいひ,会费,名词,新标初_26
1109,バーゲン,バーゲン,降价出售,名词,新标初_26
1110,クレジットカード,クレジットカード,信用卡,名词,新标初_26
1111,色鉛筆,いろえんぴつ,彩色铅笔,名词,新标初_26
1112,豊作,ほうさく,丰收,名词,新标初_26
1113,仲,なか,关系，友情，友谊,名词,新标初_26
1114,忘れ物,わすれもの,忘记的东西，遗忘的物品,名词,新标初_26
1115,防ぎます,ふせぎます,防御，防备，防守,动1,新标初_26
1116,回ります,まわります,走访；转；绕弯,动1,新标初_26
1117,走ります,はしります,跑，奔跑,动1,新标初_26
1118,吹きます,ふきます,吹,动1,新标初_26
1119,挙げます,あげます,举，举起,动2,新标初_26
1120,足ります,たります,足，够,动2,新标初_26
1121,スケッチします,スケッチします,素描，写生,动3,新标初_26
1122,発言します,はつげんします,发言,动3,新标初_26
1123,優勝します,ゆうしょうします,得冠军,动3,新标初_26
1124,合格します,ごうかくします,及格，合格,动3,新标初_26
1125,もしかしたら,もしかしたら,也许,副词,新标初_26
1126,約束します,やくそくします,约定,动3,新标初_26
1127,つい,つい,不知不觉地，无意中,副词,新标初_26
1128,すぐに,すぐに,就要，立刻，马上,副词,新标初_26
1129,ほとんど,ほとんど,大部分，几乎,副词,新标初_26
1130,それで,それで,因此,接续词,新标初_26
1131,鈴木,すずき,铃木,专有词,新标初_26
1132,楊,よう,杨,专有词,新标初_26
1133,加藤,かとう,加藤,专有词,新标初_26
1134,葉子,ようこ,叶子,专有词,新标初_26
1135,光デパート,ひかりデパート,阳光百货商店,专有词,新标初_26
1136,北京タイガース,ペキンタイガース,北京猛虎队＜棒球队名称＞,专有词,新标初_26
1137,あいさつ回り,あいさつまわり,寒暄拜访,惯用语,新标初_26
1138,いけない,いけない,不行，不好，不可以,惯用语,新标初_26
1139,経済,けいざい,经济,名词,新标初_27
1140,国際関係学,こくさいかんけいがく,国际关系学,名词,新标初_27
1141,大勢,おおぜい,许多，众多,名词,新标初_27
1142,高校,こうこう,高中,名词,新标初_27
1143,日記,にっき,日记,名词,新标初_27
1144,教師,きょうし,教师,名词,新标初_27
1145,お年寄り,おとしより,老年人,名词,新标初_27
1146,ラジオ体操,ラジオたいそう,广播体操,名词,新标初_27
1147,社交ダンス,しゃこうダンス,交际舞,名词,新标初_27
1148,卓球,たっきゅう,乒乓球,名词,新标初_27
1149,バスケットボール,バスケットボール,篮球,名词,新标初_27
1150,スポーツセンター,スポーツセンター,体育中心,名词,新标初_27
1151,入園料,にゅうえんりょう,门票，入园费,名词,新标初_27
1152,有料,ゆうりょう,收费,名词,新标初_27
1153,賞,しょう,奖,名词,新标初_27
1154,曲,きょく,乐曲，歌曲,名词,新标初_27
1155,詩,し,诗歌,名词,新标初_27
1156,信号,しんごう,信号，红绿灯,名词,新标初_27
1157,はさみ,はさみ,剪刀,名词,新标初_27
1158,部品,ぶひん,零部件,名词,新标初_27
1159,アルバイト,アルバイト,打工，副业，工读,名词,新标初_27
1160,スピーチ,スピーチ,演说，演讲,名词,新标初_27
1161,グラフ,グラフ,图表,名词,新标初_27
1162,企画,きかく,策划，计划,名词,新标初_27
1163,説明,せつめい,说明,名词,新标初_27
1164,ご飯,ごはん,饭,名词,新标初_27
1165,砂糖,さとう,砂糖,名词,新标初_27
1166,海外旅行,かいがいりょこう,海外旅行,名词,新标初_27
1167,こと,こと,事情,名词,新标初_27
1168,おじいさん,おじいさん,爷爷；老大爷,代词,新标初_27
1169,おばあさん,おばあさん,奶奶；老奶奶,代词,新标初_27
1170,姉,あね,姐姐,代词,新标初_27
1171,通います,かよいます,上学，来往,动1,新标初_27
1172,集まります,あつまります,聚，集合,动1,新标初_27
1173,踊ります,おどります,跳舞,动1,新标初_27
1174,要ります,いります,要,动1,新标初_27
1175,困ります,こまります,为难，难办,动1,新标初_27
1176,たたきます,たたきます,拍，敲，打,动1,新标初_27
1177,入れます,いれます,放入，放进,动2,新标初_27
1178,看病します,かんびょうします,护理,动3,新标初_27
1179,けんかします,けんかします,吵架，打架,动3,新标初_27
1180,利用します,りようします,利用,动3,新标初_27
1181,そうだんします,そうだんします,商谈,动3,新标初_27
1182,ほかに,ほかに,另外,副词,新标初_27
1183,しばらく,しばらく,许久，好久；片刻,副词,新标初_27
1184,へえ,へえ,哎，哎呀，哎哟,感叹词,新标初_27
1185,木下,きのした,木下,专有词,新标初_27
1186,田村,たむら,田村,专有词,新标初_27
1187,この前,このまえ,前几天，之前，最近,惯用语,新标初_27
1188,そう言えば,そういえば,说起来，这么说来,惯用语,新标初_27
1189,気がつきます,きがつきます,察觉,惯用语,新标初_27
1190,しばらくです,しばらくです,好久不见,惯用语,新标初_27
1191,マフラー,マフラー,围巾,名词,新标初_28
1192,ネックレス,ネックレス,项链,名词,新标初_28
1193,家具,かぐ,家具,名词,新标初_28
1194,文章,ぶんしょう,文章,名词,新标初_28
1195,意味,いみ,意思,名词,新标初_28
1196,雰囲気,ふんいき,气氛,名词,新标初_28
1197,発音,はつおん,发音,名词,新标初_28
1198,不動産屋,ふどうさんや,房产公司,名词,新标初_28
1199,飲食店,いんしょくてん,饮食店,名词,新标初_28
1200,大使館,たいしかん,大使馆,名词,新标初_28
1201,新居,しんきょ,新居,名词,新标初_28
1202,引っ越し,ひっこし,搬家,名词,新标初_28
1203,近所,きんじょ,附近,名词,新标初_28
1204,孫,まご,孙子，孙女,名词,新标初_28
1205,係,かかり,工作人员，主管人员,名词,新标初_28
1206,支社長,ししゃちょう,分公司经理,名词,新标初_28
1207,就職,しゅうしょく,就业,名词,新标初_28
1208,インターネット,インターネット,互联网,名词,新标初_28
1209,拾います,ひろいます,捡，拾,动1,新标初_28
1210,訳します,やくします,翻译,动1,新标初_28
1211,くれます,くれます,给,动2,新标初_28
1212,届けます,とどけます,送到，送去,动2,新标初_28
1213,案内します,あんないします,向导，导游,动3,新标初_28
1214,交換します,こうかんします,换，交换,动3,新标初_28
1215,紹介します,しょうかいします,介绍,动3,新标初_28
1216,すてき,すてき,漂亮，极好,形容动词,新标初_28
1217,得意,とくい,擅长,形容动词,新标初_28
1218,新鮮,しんせん,新鲜,形容动词,新标初_28
1219,うまく,うまく,高明地，很好地,副词,新标初_28
1220,それに,それに,而且,接续词,新标初_28
1221,中田,なかた,中田,专有词,新标初_28
1222,国際貿易センター,こくさいぼうえきセンター,国际贸易中心,惯用语,新标初_28
1223,国貿,こくぼう,国贸,专有词,新标初_28
1224,どういたしまして,どういたしまして,没关系,惯用语,新标初_28
1225,どの辺,どのへん,哪儿,惯用语,新标初_28
1226,質問,しつもん,提问，问题,名词,新标初_29
1227,場合,ばあい,场合，情况,名词,新标初_29
1228,迷惑,めいわく,麻烦,名词,新标初_29
1229,フジ,フジ,紫藤,名词,新标初_29
1230,カササギ,カササギ,喜鹊,名词,新标初_29
1231,鳥,とり,鸟,名词,新标初_29
1232,マーク,マーク,符号,名词,新标初_29
1233,標識,ひょうしき,标记,名词,新标初_29
1234,横断禁止,おうだんきんし,禁止横穿,名词,新标初_29
1235,スピード,スピード,速度,名词,新标初_29
1236,免許証,めんきょしょう,许可证，执照,名词,新标初_29
1237,企画書,きかくしょ,计划书,名词,新标初_29
1238,野球場,やきゅうじょう,棒球场,名词,新标初_29
1239,テレビ講座,テレビこうざ,电视讲座,名词,新标初_29
1240,漢字,かんじ,汉字,名词,新标初_29
1241,戦争,せんそう,战争,名词,新标初_29
1242,警官,けいかん,警察,名词,新标初_29
1243,年上,としうえ,年长者,名词,新标初_29
1244,止まります,とまります,停，停住,动1,新标初_29
1245,変わります,かわります,变，转变,动1,新标初_29
1246,頑張ります,がんばります,拼命努力,动1,新标初_29
1247,謝ります,あやまります,道歉,动1,新标初_29
1248,サボります,サボります,逃学，怠工,动1,新标初_29
1249,破ります,やぶります,爽约，打破,动1,新标初_29
1250,引きます,ひきます,拉，抽,动1,新标初_29
1251,守ります,まもります,遵守，保护,动1,新标初_29
1252,答えます,こたえます,回答,动2,新标初_29
1253,逃げます,にげます,逃跑,动2,新标初_29
1254,助けます,たすけます,救助，帮助,动2,新标初_29
1255,付けます,つけます,添加，附加,动2,新标初_29
1256,覚えます,おぼえます,记住，掌握,动2,新标初_29
1257,提出します,ていしゅつします,提交，提出,动3,新标初_29
1258,遠慮します,えんりょします,客气,动3,新标初_29
1259,注意します,ちゅういします,注意,动3,新标初_29
1260,シュートします,シュートします,（足球）射门，投篮,动3,新标初_29
1261,親しい,したしい,熟悉，亲切，亲密,形容词,新标初_29
1262,乱暴,らんぼう,粗暴,形容动词,新标初_29
1263,失礼,しつれい,不礼貌,形容动词,新标初_29
1264,同じ,おなじ,一样，相同,形容动词,新标初_29
1265,危険,きけん,危险,形容动词,新标初_29
1266,そんな,そんな,那样的,连接词,新标初_29
1267,丁寧に,ていねいに,恭敬地；细心地,副词,新标初_29
1268,おい,おい,哎，喂,感叹词,新标初_29
1269,誠,まこと,诚，阿诚,专有词,新标初_29
1270,周恩来,しゅうおんらい,周恩来,专有词,新标初_29
1271,魯迅,ろじん,鲁迅,专有词,新标初_29
1272,世田谷,せたがや,世田谷,专有词,新标初_29
1273,富士,ふじ,富士,专有词,新标初_29
1274,変わった,かわった,怪,惯用语,新标初_29
1275,風邪を引きます,かぜをひきます,感冒,惯用语,新标初_29
1276,宅配便,たくはいびん,送货上门服务,名词,新标初_30
1277,報告書,ほうこくしょ,报告书,名词,新标初_30
1278,梅雨,つゆ,梅雨,名词,新标初_30
1279,秋,あき,秋天，秋季,名词,新标初_30
1280,ピクニック,ピクニック,郊游,名词,新标初_30
1281,行楽地,こうらくち,景点，浏览地,名词,新标初_30
1282,ピザ,ピザ,比萨饼,名词,新标初_30
1283,終電,しゅうでん,末班电车,名词,新标初_30
1284,待合室,まちあいしつ,候诊室，等候室,名词,新标初_30
1285,患者,かんじゃ,病人，患者,名词,新标初_30
1286,灰皿,はいざら,烟灰缸,名词,新标初_30
1287,吸殻,すいがら,烟头，烟灰，烟蒂,名词,新标初_30
1288,歯,は,牙齿,名词,新标初_30
1289,彼,かれ,他,代词,新标初_30
1290,そろいます,そろいます,到齐，齐全,动1,新标初_30
1291,寄ります,よります,顺便去；靠近,动1,新标初_30
1292,開きます,ひらきます,开，开张,动1,新标初_30
1293,迎えます,むかえます,迎接,动2,新标初_30
1294,引っ越します,ひっこします,搬迁,动1,新标初_30
1295,壊れます,こわれます,出故障，坏,动2,新标初_30
1296,間違えます,まちがえます,搞错,动2,新标初_30
1297,出発します,しゅっぱつします,出发,动3,新标初_30
1298,転職します,てんしょくします,换工作,动3,新标初_30
1299,パンクします,パンクします,轮胎爆裂，撑破,动3,新标初_30
1300,寂しい,さびしい,寂寞,形容词,新标初_30
1301,楽しみ,たのしみ,愉快，期待,形容动词,新标初_30
1302,特別,とくべつ,特别,形容动词,新标初_30
1303,それでは／それじゃ,それでは/それじゃ,那么,接续词,新标初_30
1304,そうか,そうか,是吗,感叹词,新标初_30
1305,まあ,まあ,嗯，嘿，哎哟,感叹词,新标初_30
1306,パク,パク,朴,专有词,新标初_30
1307,長江下り,ちょうこうくだり,坐船浏览长江两岸风光,专有词,新标初_30
1308,香山,こうざん,香山,专有词,新标初_30
1309,北京植物園,ペキンしょくぶつえん,北京植物园,专有词,新标初_30
1310,仕方ない,しかたない,没有办法,惯用语,新标初_30
1311,ボタン,ボタン,按钮；纽扣,名词,新标初_31
1312,ブローチ,ブローチ,胸针,名词,新标初_31
1313,カーテン,カーテン,窗帘，帘子,名词,新标初_31
1314,コンクリート,コンクリート,混凝土，水泥,名词,新标初_31
1315,プラスチック,プラスチック,塑胶，塑料,名词,新标初_31
1316,ひすい,ひすい,翡翠,名词,新标初_31
1317,サービスセンター,サービスセンター,维修服务中心,名词,新标初_31
1318,会員,かいいん,会员,名词,新标初_31
1319,特典,とくてん,优惠,名词,新标初_31
1320,お手洗い,おてあらい,洗手间，厕所,名词,新标初_31
1321,階段,かいだん,楼梯，台阶,名词,新标初_31
1322,以降,いこう,以后,名词,新标初_31
1323,側,そば,旁边,名词,新标初_31
1324,卓球台,たっきゅうだい,乒乓球桌,名词,新标初_31
1325,サイズ,サイズ,大小，尺寸,名词,新标初_31
1326,人間,にんげん,人，人类,名词,新标初_31
1327,白鳥,はくちょう,鹅,名词,新标初_31
1328,電源,でんげん,电源,名词,新标初_31
1329,スイカ,スイカ,西瓜,名词,新标初_31
1330,押します,おします,按，推，挤,动1,新标初_31
1331,つきます,つきます,灯亮，灯开,动1,新标初_31
1332,下がります,さがります,下降，降低,动1,新标初_31
1333,怒ります,おこります,生气,动1,新标初_31
1334,回します,まわします,转，传送，传递,动1,新标初_31
1335,動きます,うごきます,运转，转动,动1,新标初_31
1336,生きます,いきます,活，生存,动2,新标初_31
1337,下ります,おります,下，下来,动2,新标初_31
1338,フリーズします,フリーズします,死机,动3,新标初_31
1339,故障します,こしょうします,故障,动3,新标初_31
1340,美しい,うつくしい,美丽,形容词,新标初_31
1341,うまい,うまい,高明，好吃，可口,形容词,新标初_31
1342,詳しい,くわしい,详细,形容词,新标初_31
1343,自由,じゆう,随便，自由,形容动词,新标初_31
1344,丁寧,ていねい,精心，细心，恭敬,形容动词,新标初_31
1345,きちんと,きちんと,好好地；正经地,副词,新标初_31
1346,ただし,ただし,不过，只是,接续词,新标初_31
1347,しかし,しかし,可是，但是,接续词,新标初_31
1348,気持ち悪い,きもちわるい,不舒服,惯用语,新标初_31
1349,列車,れっしゃ,火车,名词,新标初_32
1350,高速バス,こうそくバス,高速公共汽车,名词,新标初_32
1351,出発時刻,しゅっぱつじこく,出发时间,名词,新标初_32
1352,旅行予定,りょこうよてい,旅行计划,名词,新标初_32
1353,天気予報,てんきよほう,天气预报,名词,新标初_32
1354,台風,たいふう,台风,名词,新标初_32
1355,うわさ,うわさ,传说，风言风语,名词,新标初_32
1356,宣伝,せんでん,宣传,名词,新标初_32
1357,番組,ばんぐみ,节目,名词,新标初_32
1358,新型,しんがた,新型,名词,新标初_32
1359,ボーナス,ボーナス,奖金,名词,新标初_32
1360,ラーメン,ラーメン,面条,名词,新标初_32
1361,牛乳,ぎゅうにゅう,牛奶,名词,新标初_32
1362,饺子パーティー,ギョーザパーティー,饺子宴,名词,新标初_32
1363,正月休み,しょうがつやすみ,新年假日,名词,新标初_32
1364,スポーツ用品,スポーツようひん,体育用品,名词,新标初_32
1365,インフルエンザ,インフルエンザ,流感，流行性感冒,名词,新标初_32
1366,支店,してん,分店，分公司,名词,新标初_32
1367,小学校,しょうがっこう,小学,名词,新标初_32
1368,遊園地,ゆうえんち,游乐园,名词,新标初_32
1369,首相,しゅしょう,首相,名词,新标初_32
1370,歴史,れきし,历史,名词,新标初_32
1371,彼女,かのじょ,她,代词,新标初_32
1372,行います,おこないます,开，举行,动1,新标初_32
1373,上がります,あがります,提高，涨,动1,新标初_32
1374,乗り換えます,のりかえます,换乘,动2,新标初_32
1375,辞めます,やめます,辞去,动2,新标初_32
1376,留学します,りゅうがくします,留学,动3,新标初_32
1377,入学します,にゅうがくします,入学,动3,新标初_32
1378,流行します,りゅうこうします,流行,动3,新标初_32
1379,入院します,にゅういんします,住院,动3,新标初_32
1380,お邪魔します,おじゃまします,打扰，拜访,动3,新标初_32
1381,担当します,たんとうします,承担,动3,新标初_32
1382,強い,つよい,强，坚强,形容词,新标初_32
1383,気さく,きさく,爽快，坦率,形容动词,新标初_32
1384,いろんな,いろんな,各种各样的,连接词,新标初_32
1385,ずっと,ずっと,一直，始终,副词,新标初_32
1386,劉英,りゅうえい,刘英,专有词,新标初_32
1387,タイ,タイ,泰国,专有词,新标初_32
1388,京都ホテル,きょうとホテル,京都宾馆,专有词,新标初_32
1389,お邪魔しました,おじゃましました,打扰了,惯用语,新标初_32
1390,風が強い,かぜがつよい,风大,惯用语,新标初_32
1391,スーツケース,スーツケース,旅行箱,名词,新标初_33
1392,トランク,トランク,后备箱；手提箱，皮箱,名词,新标初_33
1393,スーツ,スーツ,西服，女套装,名词,新标初_33
1394,ズボン,ズボン,裤子,名词,新标初_33
1395,Tシャツ,ティーシャツ,T恤衫,名词,新标初_33
1396,サンダル,サンダル,凉鞋,名词,新标初_33
1397,帽子,ぼうし,帽子,名词,新标初_33
1398,腕時計,うでどけい,手表,名词,新标初_33
1399,小物,こもの,小东西，细小的附件,名词,新标初_33
1400,運転手,うんてんしゅ,司机,名词,新标初_33
1401,空,から,空,名词,新标初_33
1402,運動会,うんどうかい,运动会,名词,新标初_33
1403,チーム,チーム,队，团体,名词,新标初_33
1404,最後,さいご,最后,名词,新标初_33
1405,再会,さいかい,重逢，再会,名词,新标初_33
1406,久しぶり,ひさしぶり,好久不见,名词,新标初_33
1407,カキ,カキ,柿子,名词,新标初_33
1408,清涼飲料水,せいりょういんりょうすい,清凉饮料,名词,新标初_33
1409,閉まります,しまります,关闭，关,动1,新标初_33
1410,壊します,こわします,弄坏,动1,新标初_33
1411,割ります,わります,割开，打破，打坏,动1,新标初_33
1412,付きます,つきます,附带，附加,动1,新标初_33
1413,掛かります,かかります,挂，悬挂,动1,新标初_33
1414,汚します,よごします,弄脏,动1,新标初_33
1415,やみます,やみます,停，停息，停止,动1,新标初_33
1416,建ちます,たちます,盖，建,动1,新标初_33
1417,並びます,ならびます,排队，排，列队,动1,新标初_33
1418,着きます,つきます,到，到达,动1,新标初_33
1419,かぶります,かぶります,戴,动1,新标初_33
1420,はきます,はきます,穿（鞋，裤子）,动1,新标初_33
1421,飼います,かいます,饲养,动1,新标初_33
1422,消えます,きえます,熄灭，消失,动2,新标初_33
1423,掛けます,かけます,挂,动2,新标初_33
1424,落ちます,おちます,落下，掉,动2,新标初_33
1425,割れます,われます,裂开，破裂,动2,新标初_33
1426,建てます,たてます,盖，建造,动2,新标初_33
1427,負けます,まけます,输，败,动2,新标初_33
1428,汚れます,よごれます,脏,动2,新标初_33
1429,偉い,えらい,了不起，伟大,形容词,新标初_33
1430,楽,らく,容易，简易；快乐，轻松,形容动词,新标初_33
1431,残念,ざんねん,可惜，遗憾,形容动词,新标初_33
1432,急に,きゅうに,突然,副词,新标初_33
1433,全部,ぜんぶ,全部,副词,新标初_33
1434,相変わらず,あいかわらず,照旧，依然,副词,新标初_33
1435,うっかり,うっかり,不留神，不注意,副词,新标初_33
1436,それにしても,それにしても,即便那样，话虽如此,接续词,新标初_33
1437,お久しぶりです,おひさしぶりです,好久不见,惯用语,新标初_33
1438,カレンダー,カレンダー,挂历，日历,名词,新标初_34
1439,ポスター,ポスター,宣传画，海报,名词,新标初_34
1440,ハードスケジュール,ハードスケジュール,紧张的日程,名词,新标初_34
1441,カレーライス,カレーライス,咖喱饭,名词,新标初_34
1442,とっておき,とっておき,珍藏，私藏,名词,新标初_34
1443,本場,ほんば,原产地，发源地,名词,新标初_34
1444,玄関,げんかん,门口，玄关,名词,新标初_34
1445,ロッカー,ロッカー,橱柜，文件柜,名词,新标初_34
1446,バッグ,バッグ,包，手提包,名词,新标初_34
1447,旅行社,りょこうしゃ,旅行社,名词,新标初_34
1448,視察団,しさつだん,视察团,名词,新标初_34
1449,到着,とうちゃく,到达，抵达,名词,新标初_34
1450,帰り,かえり,回程，返回，回家,名词,新标初_34
1451,持ち帰り,もちかえり,打包，带回,名词,新标初_34
1452,事故,じこ,事故,名词,新标初_34
1453,花束,はなたば,花束,名词,新标初_34
1454,発表会,はっぴょうかい,发布会,名词,新标初_34
1455,論文,ろんぶん,论文,名词,新标初_34
1456,ダイエット,ダイエット,减肥,名词,新标初_34
1457,オリンピック,オリンピック,奥运会，奥林匹克,名词,新标初_34
1458,あちこち／あっちこっち,あちこち/あっちこっち,到处，处处,代词,新标初_34
1459,焼きます,やきます,烤，烧，烧毁,动1,新标初_34
1460,稼ぎます,かせぎます,挣钱，赚钱,动1,新标初_34
1461,残ります,のこります,剩余，剩下,动1,新标初_34
1462,包みます,つつみます,卷，包裹,动1,新标初_34
1463,頼みます,たのみます,点（菜）；请求；托付,动1,新标初_34
1464,はります,はります,粘，贴,动1,新标初_34
1465,飾ります,かざります,装饰,动1,新标初_34
1466,しまいます,しまいます,收拾起来，放到～里边,动1,新标初_34
1467,合います,あいます,合适，适合,动1,新标初_34
1468,戻します,もどします,放回，返还，返回,动1,新标初_34
1469,ためます,ためます,积攒，储存,动2,新标初_34
1470,並べます,ならべます,排列,动2,新标初_34
1471,預けます,あずけます,寄存，托付,动2,新标初_34
1472,続けます,つづけます,继续，持续,动2,新标初_34
1473,やせます,やせます,瘦,动2,新标初_34
1474,訪問します,ほうもんします,拜访，访问,动3,新标初_34
1475,貯金します,ちょきんします,存钱，储蓄,动3,新标初_34
1476,歓迎します,かんげいします,欢迎,动3,新标初_34
1477,用意します,よういします,准备,动3,新标初_34
1478,おかしい,おかしい,奇怪，可笑，不正常,形容词,新标初_34
1479,ひどい,ひどい,严重，厉害,形容词,新标初_34
1480,もったいない,もったいない,可惜，浪费，过分,形容词,新标初_34
1481,優秀,ゆうしゅう,优秀，优异,形容动词,新标初_34
1482,最高,さいこう,最好，最高,形容动词,新标初_34
1483,しっかり,しっかり,充分，充足,副词,新标初_34
1484,非常に,ひじょうに,非常,副词,新标初_34
1485,こんなに,こんなに,这么，这样地,副词,新标初_34
1486,一生懸命,いっしょうけんめい,拼命地，努力地,副词,新标初_34
1487,うわあ,うわあ,哇,感叹词,新标初_34
1488,このまま,このまま,就这样，照这样，如此,惯用语,新标初_34
1489,いただきます,いただきます,我吃了，（我）开始吃了,惯用语,新标初_34
1490,遠慮なく,えんりょなく,不客气,惯用语,新标初_34
1491,マラソン大会,マラソンたいかい,马拉松大会,名词,新标初_35
1492,ホームパーティー,ホームパーティー,家庭聚会,名词,新标初_35
1493,ゴーカート,ゴーカート,游戏汽车，玩具汽车,名词,新标初_35
1494,テレビゲーム,テレビゲーム,电子游戏,名词,新标初_35
1495,中止,ちゅうし,中止，中顿,名词,新标初_35
1496,表現,ひょうげん,表达，表现,名词,新标初_35
1497,反対,はんたい,反对,名词,新标初_35
1498,営業,えいぎょう,营业,名词,新标初_35
1499,在庫,ざいこ,库存，存货,名词,新标初_35
1500,大人,おとな,大人，成人,名词,新标初_35
1501,おじ,おじ,叔叔，伯伯，舅舅,名词,新标初_35
1502,小学生,しょうがくせい,小学生,名词,新标初_35
1503,宇宙飛行士,うちゅうひこうし,宇航员,名词,新标初_35
1504,カタログ,カタログ,目录,名词,新标初_35
1505,宝くじ,たからくじ,彩票,名词,新标初_35
1506,成績,せいせき,成绩,名词,新标初_35
1507,計算,けいさん,计算,名词,新标初_35
1508,消しゴム,けしゴム,橡皮,名词,新标初_35
1509,歯,は,牙齿,名词,新标初_35
1510,ビタミン剤,ビタミンざい,维生素片剂,名词,新标初_35
1511,中古,ちゅうこ,二手货，旧货,名词,新标初_35
1512,機会,きかい,机会,名词,新标初_35
1513,休日,きゅうじつ,休息日，假日,名词,新标初_35
1514,今回,こんかい,这次，这回,名词,新标初_35
1515,今月,こんげつ,这个月,名词,新标初_35
1516,最終点検,さいしゅうてんけん,最终检查,名词,新标初_35
1517,効きます,ききます,有效，起作用,动1,新标初_35
1518,祝います,いわいます,祝贺,动1,新标初_35
1519,当たります,あたります,中（彩），抽中,动1,新标初_35
1520,空きます,あきます,空，有空,动1,新标初_35
1521,腐ります,くさります,腐烂，腐败,动1,新标初_35
1522,見つけます,みつけます,找到，发现，看见,动2,新标初_35
1523,晴れます,はれます,晴朗，天晴,动2,新标初_35
1524,訪ねます,たずねます,访问，拜访,动2,新标初_35
1525,滞在します,たいざいします,停留，滞留,动3,新标初_35
1526,休憩します,きゅうけいします,休息,动3,新标初_35
1527,参加します,さんかします,参加,动3,新标初_35
1528,乾杯します,かんぱいします,干杯,动3,新标初_35
1529,へん,へん,不恰当，奇怪，反常,形容动词,新标初_35
1530,完全,かんぜん,充分，完全,形容动词,新标初_35
1531,必要,ひつよう,必要，必须,形容动词,新标初_35
1532,だんだん,だんだん,渐渐地，逐渐地,副词,新标初_35
1533,もし,もし,如果，假如,副词,新标初_35
1534,最初,さいしょ,开始的时候，最初,名词,新标初_36
1535,出身,しゅっしん,出生地,名词,新标初_36
1536,工場,こうじょう,工厂,名词,新标初_36
1537,煙突,えんとつ,烟筒,名词,新标初_36
1538,フライパン,フライパン,平底锅,名词,新标初_36
1539,卵焼き,たまごやき,煎鸡蛋,名词,新标初_36
1540,グラウンド,グラウンド,操场，运动场,名词,新标初_36
1541,屋上,おくじょう,屋顶上，屋顶,名词,新标初_36
1542,凧,たこ,风筝,名词,新标初_36
1543,テープ,テープ,磁带，音像带,名词,新标初_36
1544,読書,どくしょ,读书,名词,新标初_36
1545,申請,しんせい,申请,名词,新标初_36
1546,関西弁,かんさいべん,关西话，关西方言,名词,新标初_36
1547,日常会話,にちじょうかいわ,日常会话,名词,新标初_36
1548,日本文化,にほんぶんか,日本文化,名词,新标初_36
1549,生産コスト,せいさんコスト,生产成本,名词,新标初_36
1550,交通事故,こうつうじこ,交通事故,名词,新标初_36
1551,ご主人,ごしゅじん,您丈夫，您先生,名词,新标初_36
1552,量り売り,はかりうり,称斤卖，论重量卖,名词,新标初_36
1553,笑い声,わらいごえ,笑声,名词,新标初_36
1554,持ち歩きます,もちあるきます,携带，拿着走,动1,新标初_36
1555,繰り返します,くりかえします,反复,动1,新标初_36
1556,騒ぎます,さわぎます,吵嚷，吵闹,动1,新标初_36
1557,間に合います,まにあいます,来得及，赶得上,动1,新标初_36
1558,鳴きます,なきます,叫，鸣，啼,动1,新标初_36
1559,眠ります,ねむります,睡觉,动1,新标初_36
1560,鳴ります,なります,鸣响，响起,动1,新标初_36
1561,喜びます,よろこびます,喜悦，高兴,动1,新标初_36
1562,役立ちます,やくだちます,有用，有益,动1,新标初_36
1563,雇います,やといます,雇佣,动1,新标初_36
1564,泣きます,なきます,哭，哭泣,动1,新标初_36
1565,振ります,ふります,挥动，摆动,动1,新标初_36
1566,見えます,みえます,看到，看得见,动2,新标初_36
1567,聞こえます,きこえます,听到，听得见,动2,新标初_36
1568,通じます,つうじます,通过，相通,动2,新标初_36
1569,揚げます,あげます,(放)风筝；扬起,动2,新标初_36
1570,慣れます,なれます,习惯,动2,新标初_36
1571,ぬれます,ぬれます,淋湿，打湿,动2,新标初_36
1572,焼けます,やけます,着火，燃烧,动2,新标初_36
1573,下げます,さげます,降低，下降,动2,新标初_36
1574,失敗します,しっぱいします,出岔子，失败,动3,新标初_36
1575,苦労します,くろうします,辛苦，辛劳,动3,新标初_36
1576,びっくりします,びっくりします,吃惊，吓一跳,动3,新标初_36
1577,出席します,しゅっせきします,出席,动3,新标初_36
1578,悲しい,かなしい,悲伤，悲哀,形容词,新标初_36
1579,ほんと,ほんと,真的,形容动词,新标初_36
1580,とにかく,とにかく,特别是，总之,副词,新标初_36
1581,まだまだ,まだまだ,还，尚，仍,副词,新标初_36
1582,ぺらぺら,ぺらぺら,流利地,副词,新标初_36
1583,ワンワン,ワンワン,（狗）汪汪（叫）,副词,新标初_36
1584,ザーザー,ザーザー,（雨）哗啦哗啦,副词,新标初_36
1585,すやすや,すやすや,香甜地，安静地,副词,新标初_36
1586,くねくね,くねくね,弯曲，弯弯曲曲,副词,新标初_36
1587,メキシコ,メキシコ,墨西哥,专有词,新标初_36
1588,用事,ようじ,事情,名词,新标初_37
1589,大会,たいかい,大会,名词,新标初_37
1590,規模,きぼ,规模,名词,新标初_37
1591,計画,けいかく,计划,名词,新标初_37
1592,規則,きそく,规则,名词,新标初_37
1593,費用,ひよう,费用,名词,新标初_37
1594,塩,しお,盐，食盐,名词,新标初_37
1595,メダル,メダル,纪念章，奖牌,名词,新标初_37
1596,ソフト,ソフト,软件,名词,新标初_37
1597,川,かわ,河，河流,名词,新标初_37
1598,鉄道,てつどう,火车，铁路，铁道,名词,新标初_37
1599,全長,ぜんちょう,全长,名词,新标初_37
1600,番号,ばんごう,号码，番号,名词,新标初_37
1601,単位,たんい,计量单位,名词,新标初_37
1602,小さじ,こさじ,小匙，小勺,名词,新标初_37
1603,ボリューム,ボリューム,音量,名词,新标初_37
1604,直通列車,ちょくつうれっしゃ,直达列车,名词,新标初_37
1605,世界遺産,せかいいさん,世界遗产,名词,新标初_37
1606,観光スポット,かんこうスポット,旅游点,名词,新标初_37
1607,超えます,こえます,超过,动2,新标初_37
1608,出場します,しゅつじょうします,参加，出场,动3,新标初_37
1609,つまみ食いします,つまみぐいします,偷吃,动3,新标初_37
1610,換算します,かんさんします,换算,动3,新标初_37
1611,復習します,ふくしゅうします,复习,动3,新标初_37
1612,成功します,せいこうします,成功,动3,新标初_37
1613,弱い,よわい,弱，脆弱，柔弱,形容词,新标初_37
1614,厳しい,きびしい,严厉，严格,形容词,新标初_37
1615,ぜいたく,ぜいたく,奢望，奢侈，过分,形容动词,新标初_37
1616,こっそり,こっそり,偷偷地，悄悄地,副词,新标初_37
1617,さすが,さすが,不愧是，果然,副词,新标初_37
1618,実際に,じっさいに,实地，实际上,副词,新标初_37
1619,東大,とうだい,东大，东京大学,专有词,新标初_37
1620,八達嶺,はったつれい,八达岭,专有词,新标初_37
1621,北京北駅,ペキンきたえき,北京北站,专有词,新标初_37
1622,商品,しょうひん,商品,名词,新标初_38
1623,ごみ箱,ごみばこ,垃圾箱,名词,新标初_38
1624,コップ,コップ,杯子，杯,名词,新标初_38
1625,ペットボトル,ペットボトル,塑料瓶,名词,新标初_38
1626,エンジン,エンジン,发动机，引擎,名词,新标初_38
1627,タイヤ,タイヤ,轮胎,名词,新标初_38
1628,胡同,フートン,胡同,名词,新标初_38
1629,路地,ろじ,小巷，弄堂,名词,新标初_38
1630,油条,ヨウテイアオ,油条,名词,新标初_38
1631,日本食,にほんしょく,日本食品,名词,新标初_38
1632,刺身,さしみ,生鲜鱼，贝片,名词,新标初_38
1633,棚,たな,橱柜，搁板,名词,新标初_38
1634,畳,たたみ,草席，草垫,名词,新标初_38
1635,着物,きもの,和服，衣服,名词,新标初_38
1636,具合,ぐあい,情况,名词,新标初_38
1637,平仮名,ひらがな,平假名,名词,新标初_38
1638,赤ちゃん,あかちゃん,婴儿，幼儿,名词,新标初_38
1639,半分,はんぶん,一半,名词,新标初_38
1640,最終,さいしゅう,最终,名词,新标初_38
1641,試合,しあい,比赛，竞赛,名词,新标初_38
1642,英字新聞,えいじしんぶん,英文报纸,名词,新标初_38
1643,衛星放送,えいせいほうそう,卫星广播,名词,新标初_38
1644,ストレス,ストレス,精神紧张状态,名词,新标初_38
1645,伝統的,でんとうてき,传统的,名词,新标初_38
1646,入り組みます,いりくみます,错综复杂,动1,新标初_38
1647,減ります,へります,减少,动1,新标初_38
1648,動かします,うごかします,开动，移动，摇动,动1,新标初_38
1649,勝ちます,かちます,取胜，获胜,动1,新标初_38
1650,通り抜けます,とおりぬけます,走得出去，穿过，通过,动2,新标初_38
1651,感じます,かんじます,感觉，觉得,动2,新标初_38
1652,取り替えます,とりかえます,更换，交换,动2,新标初_38
1653,徹夜します,てつやします,熬通宵，彻夜,动3,新标初_38
1654,火傷します,やけどします,烫伤，烧伤,动3,新标初_38
1655,なんだか,なんだか,总觉得，总有点,副词,新标初_38
1656,上野動物園,うえのどうぶつえん,上野动物园,专有词,新标初_38
1657,この辺,このへん,这一带，这附近，这儿,惯用语,新标初_38
1658,急いで,いそいで,急急忙忙地，匆忙地,惯用语,新标初_38
1659,村,むら,村子，村庄,名词,新标初_39
1660,稲,いね,稻子,名词,新标初_39
1661,霧,きり,雾,名词,新标初_39
1662,門,もん,城门，门，大门,名词,新标初_39
1663,舞台,ぶたい,舞台,名词,新标初_39
1664,屋根,やね,屋顶，房顶,名词,新标初_39
1665,瑠璃瓦,るりがわら,琉璃瓦,名词,新标初_39
1666,黄色,きいろ,黄色，黄颜色,名词,新标初_39
1667,空,そら,天空,名词,新标初_39
1668,バック,バック,背景,名词,新标初_39
1669,貸し切り,かしきり,包租,名词,新标初_39
1670,一般,いっぱん,一般,名词,新标初_39
1671,祖母,そぼ,祖母，外婆,名词,新标初_39
1672,音楽会,おんがくかい,音乐会,名词,新标初_39
1673,ジャズ,ジャズ,爵士乐,名词,新标初_39
1674,野外コンサート,やがいコンサート,露天音乐会,名词,新标初_39
1675,円高,えんだか,日元升值,名词,新标初_39
1676,輸出,ゆしゅつ,出口，输出,名词,新标初_39
1677,影響,えいきょう,影响,名词,新标初_39
1678,資源,しげん,资源,名词,新标初_39
1679,気温,きおん,气温,名词,新标初_39
1680,沖,おき,海上，湖心,名词,新标初_39
1681,海外,かいがい,海外,名词,新标初_39
1682,クジラ,クジラ,鲸,名词,新标初_39
1683,サメ,サメ,鲨鱼,名词,新标初_39
1684,UFO,ユーフォー,不明飞行物,名词,新标初_39
1685,昔,むかし,以前,名词,新标初_39
1686,別名,べつめい,别名,名词,新标初_39
1687,方,ほう,方，方面,名词,新标初_39
1688,道路工事,どうろこうじ,道路施工,名词,新标初_39
1689,通勤ラッシュ,つうきんラッシュ,上下班高峰,名词,新标初_39
1690,通行禁止,つうこうきんし,禁止通行,名词,新标初_39
1691,遠く,とおく,远处，远方,名词,新标初_39
1692,見渡します,みわたします,眺望，远眺,动1,新标初_39
1693,続きます,つづきます,继续，持续,动1,新标初_39
1694,なくなります,なくなります,完，丢失,动1,新标初_39
1695,育ちます,そだちます,生长，成长,动1,新标初_39
1696,増えます,ふえます,增加，增多,动2,新标初_39
1697,連れます,つれます,带，领,动2,新标初_39
1698,欠席します,けっせきします,缺席,动3,新标初_39
1699,輸入します,ゆにゅうします,进口，输入,动3,新标初_39
1700,せっかく,せっかく,好（不）容易，特意,副词,新标初_39
1701,絶対,ぜったい,绝对，一定,副词,新标初_39
1702,そうそう,そうそう,是的是的,感叹词,新标初_39
1703,紫禁城,しきんじょう,紫禁城,专有词,新标初_39
1704,モノレール,モノレール,单轨铁路，单轨电车,名词,新标初_40
1705,オイル,オイル,油，润滑油,名词,新标初_40
1706,ダンス,ダンス,跳舞，舞,名词,新标初_40
1707,時代,じだい,时代,名词,新标初_40
1708,役者,やくしゃ,演员,名词,新标初_40
1709,娘,むすめ,女儿,名词,新标初_40
1710,子犬,こいぬ,小狗,名词,新标初_40
1711,劇場,げきじょう,剧场，剧院,名词,新标初_40
1712,試写会,ししゃかい,试映会，预映会,名词,新标初_40
1713,耳,みみ,耳朵,名词,新标初_40
1714,奥,おく,里头，内部；深处,名词,新标初_40
1715,機嫌,きげん,情绪，心情,名词,新标初_40
1716,先日,せんじつ,前几天，前些天,名词,新标初_40
1717,コピー機,コピーき,复印机,名词,新标初_40
1718,券,けん,券，票,名词,新标初_40
1719,最終便,さいしゅうびん,最晚航班,名词,新标初_40
1720,入場券,にゅうじょうけん,入场卷，门票,名词,新标初_40
1721,招待券,しょうたいけん,招待券，请帖,名词,新标初_40
1722,回数券,かいすうけん,回数券,名词,新标初_40
1723,向かいます,むかいます,往～去,动1,新标初_40
1724,そろえます,そろえます,备齐，凑齐；使一致,动2,新标初_40
1725,漏れます,もれます,漏，泄漏,动2,新标初_40
1726,まとめます,まとめます,汇集；总结，整理,动2,新标初_40
1727,開通します,かいつうします,开通,动3,新标初_40
1728,改築します,かいちくします,改建,动3,新标初_40
1729,完成します,かんせいします,完成,动3,新标初_40
1730,入社します,にゅうしゃします,入社,动3,新标初_40
1731,清,しん,清，清代,专有词,新标初_40
1732,お待たせしました,おまたせしました,让您久等了,惯用语,新标初_40
1733,小鳥,ことり,小鸟，鸟儿,名词,新标初_41
1734,万博,ばんぱく,世博会，万国博览会,名词,新标初_41
1735,遺跡,いせき,遗址，遗迹,名词,新标初_41
1736,上司,じょうし,上司,名词,新标初_41
1737,すり,すり,扒手，小偷,名词,新标初_41
1738,世代,せだい,世代；一代,名词,新标初_41
1739,市場,しじょう,市场,名词,新标初_41
1740,調査,ちょうさ,调查,名词,新标初_41
1741,出荷,しゅっか,上市，运出货物,名词,新标初_41
1742,成長,せいちょう,成长,名词,新标初_41
1743,嵐,あらし,暴风雨，风暴,名词,新标初_41
1744,ダイナマイト,ダイナマイト,炸药,名词,新标初_41
1745,ネーミング,ネーミング,名称，命名，取名,名词,新标初_41
1746,コストダウン,コストダウン,降低成本,名词,新标初_41
1747,低価格,ていかかく,低价（格）,名词,新标初_41
1748,牛肉,ぎゅうにく,牛肉,名词,新标初_41
1749,一昨年/おととし,いっさくねん/おととし,前年,名词,新标初_41
1750,昨年,さくねん,去年,名词,新标初_41
1751,今後,こんご,今后,名词,新标初_41
1752,すべて,すべて,全部，所有,名词,新标初_41
1753,びしょぬれ,びしょぬれ,落汤鸡，湿透，濡湿,名词,新标初_41
1754,魅力,みりょく,吸引力，魅力,名词,新标初_41
1755,汚職事件,おしょくじけん,贪污事件,名词,新标初_41
1756,市場調査,しじょうちょうさ,市场调查,名词,新标初_41
1757,交通事情,こうつうじじょう,交通状况,名词,新标初_41
1758,合弁会社,ごうべんがいしゃ,合资公司,名词,新标初_41
1759,しかります,しかります,训，责备，斥责,动1,新标初_41
1760,かみます,かみます,咬，嚼,动1,新标初_41
1761,誘います,さそいます,邀请，约请,动1,新标初_41
1762,巻き込みます,まきこみます,卷入，卷进,动1,新标初_41
1763,至ります,いたります,到达，达到,动1,新标初_41
1764,見つかります,みつかります,找到，发现,动1,新标初_41
1765,踏みます,ふみます,踩，踏,动1,新标初_41
1766,図ります,はかります,谋求；考虑,动1,新标初_41
1767,見込みます,みこみます,预料，估计,动1,新标初_41
1768,盗みます,ぬすみます,盗取，偷盗,动1,新标初_41
1769,起こします,おこします,叫醒，唤醒,动1,新标初_41
1770,ほめます,ほめます,表扬，赞扬,动2,新标初_41
1771,求めます,もとめます,要求；追求；寻求,动2,新标初_41
1772,いじめます,いじめます,欺负，折磨，欺侮,动2,新标初_41
1773,ぶつけます,ぶつけます,碰上，撞上；扔，投，掷,动2,新标初_41
1774,発見します,はっけんします,发现,动3,新标初_41
1775,辞職します,じしょくします,辞职,动3,新标初_41
1776,創立します,そうりつします,成立，创立,动3,新标初_41
1777,依頼します,いらいします,委托，请求,动3,新标初_41
1778,発売します,はつばいします,上市，发售，出售,动3,新标初_41
1779,開発します,かいはつします,开发,动3,新标初_41
1780,製造します,せいぞうします,生产，制造,动3,新标初_41
1781,管理します,かんりします,管理,动3,新标初_41
1782,実現します,じつげんします,实现,动3,新标初_41
1783,洗練します,せんれんします,精炼，洗练,动3,新标初_41
1784,放送します,ほうそうします,广播，播送,动3,新标初_41
1785,生産します,せいさんします,生产,动3,新标初_41
1786,翻訳します,ほんやくします,翻译，笔译,动3,新标初_41
1787,発明します,はつめいします,发明,动3,新标初_41
1788,幅広い,はばひろい,广泛，宽广，辽阔,形容词,新标初_41
1789,大幅,おおはば,大幅（度），广泛,形容动词,新标初_41
1790,大量,たいりょう,大量,形容动词,新标初_41
1791,最も,もっとも,最,副词,新标初_41
1792,いやあ,いやあ,哎呀,感叹词,新标初_41
1793,ニュートン,ニュートン,牛顿,专有词,新标初_41
1794,ノーベル,ノーベル,诺贝尔,专有词,新标初_41
1795,オーストラリア,オーストラリア,澳大利亚,专有词,新标初_41
1796,CS公司,シーエスコンス,CS公司,专有词,新标初_41
1797,青岛ビール,チンタオビール,青岛啤酒,专有词,新标初_41
1798,阿Q正伝,あキューせいでん,阿Q正传,专有词,新标初_41
1799,参りました,まいりました,真糟糕，真倒霉,惯用语,新标初_41
1800,万有引力の法則,ばんゆういんりょくのほうそく,万有引力定律,惯用语,新标初_41
1801,責任者,せきにんしゃ,负责人,名词,新标初_42
1802,同僚,どうりょう,同事,名词,新标初_42
1803,観客,かんきゃく,观众,名词,新标初_42
1804,空腹,くうふく,空肚子，空腹，饿,名词,新标初_42
1805,換気,かんき,换气,名词,新标初_42
1806,留守,るす,不在家,名词,新标初_42
1807,講堂,こうどう,讲堂,名词,新标初_42
1808,昼間,ひるま,白天，白日,名词,新标初_42
1809,日程,にってい,日程,名词,新标初_42
1810,次回,じかい,下次，下回,名词,新标初_42
1811,目覚まし,めざまし,闹钟；叫醒,名词,新标初_42
1812,アラーム,アラーム,闹钟，闹铃,名词,新标初_42
1813,企画案,きかくあん,策划方案,名词,新标初_42
1814,お返事,おへんじ,回信,名词,新标初_42
1815,行き先,いきさき,去的地方，目的地,名词,新标初_42
1816,預かります,あずかります,保管，收存,动1,新标初_42
1817,気づきます,きづきます,发觉，发现,动1,新标初_42
1818,冷やします,ひやします,冰镇，冷却,动1,新标初_42
1819,思い出します,おもいだします,想起，想出,动1,新标初_42
1820,告げます,つげます,说，告诉,动2,新标初_42
1821,冷えます,ひえます,变冷；感觉凉,动2,新标初_42
1822,信じます,しんじます,相信，信任,动2,新标初_42
1823,折れます,おれます,折，断；拐弯,动2,新标初_42
1824,出勤します,しゅっきんします,上班，出勤,动3,新标初_42
1825,セットします,セットします,设定，设置,动3,新标初_42
1826,検討します,けんとうします,讨论,动3,新标初_42
1827,正しい,ただしい,正确的,形容词,新标初_42
1828,当然,とうぜん,当然，应当,形容动词,新标初_42
1829,確か,たしか,确实，确切；大概,形容动词,新标初_42
1830,丈夫,じょうぶ,牢固，结实,形容动词,新标初_42
1831,早速,さっそく,马上，立即,副词,新标初_42
1832,直接,ちょくせつ,直接,副词,新标初_42
1833,きっと,きっと,一定,副词,新标初_42
1834,だって,だって,可是，但是,接续词,新标初_42
1835,西長安街,にしちょうあんがい,西长安街,专有词,新标初_42
1836,留守にします,るすにします,不在家，无人在家,惯用语,新标初_42
1837,お手伝い,おてつだい,帮忙，帮助,名词,新标初_43
1838,乗り換え,のりかえ,换车，换乘,名词,新标初_43
1839,考え,かんがえ,想法，思想,名词,新标初_43
1840,女性向け,じょせいむけ,女性专用，专为女性,名词,新标初_43
1841,申し出,もうしで,申请，提议,名词,新标初_43
1842,感じ,かんじ,感觉,名词,新标初_43
1843,多く,おおく,多，多数,名词,新标初_43
1844,部下,ぶか,部下,名词,新标初_43
1845,監督,かんとく,教练，领队,名词,新标初_43
1846,選手,せんしゅ,运动员，选手,名词,新标初_43
1847,消費者,しょうひしゃ,消费者,名词,新标初_43
1848,案内役,あんないやく,向导，导游,名词,新标初_43
1849,親,おや,双亲，父母,名词,新标初_43
1850,アルファベット,アルファベット,英语字母，拉丁字母,名词,新标初_43
1851,プレゼンテーション/プレゼン,プレゼンテーション/プレゼン,策划方案说明（会）,名词,新标初_43
1852,イメージ,イメージ,形象，印象,名词,新标初_43
1853,インパクト,インパクト,冲击力，力量感,名词,新标初_43
1854,ガラス,ガラス,玻璃，玻璃杯,名词,新标初_43
1855,気分,きぶん,情绪；（身体）舒适（与否）,名词,新标初_43
1856,親近感,しんきんかん,亲切感,名词,新标初_43
1857,品質,ひんしつ,质量，品质,名词,新标初_43
1858,物価,ぶっか,物价,名词,新标初_43
1859,免税店,めんぜいてん,免税店,名词,新标初_43
1860,説明書,せつめいしょ,说明书,名词,新标初_43
1861,塾,じゅく,私塾，补习学校,名词,新标初_43
1862,例文,れいぶん,例句,名词,新标初_43
1863,会場,かいじょう,会场,名词,新标初_43
1864,設備,せつび,设备,名词,新标初_43
1865,洗濯物,せんたくもの,洗的衣服,名词,新标初_43
1866,もの,もの,东西，事物,名词,新标初_43
1867,字,じ,字,名词,新标初_43
1868,妻,つま,妻子,名词,新标初_43
1869,我々,われわれ,我们,代词,新标初_43
1870,引っ張ります,ひっぱります,拉，拽,动1,新标初_43
1871,浮かびます,うかびます,想起，浮，浮现,动1,新标初_43
1872,整います,ととのいます,齐备，完备,动1,新标初_43
1873,乾きます,かわきます,干，干燥,动1,新标初_43
1874,暮らします,くらします,生活,动1,新标初_43
1875,避けます,さけます,回避，避免,动2,新标初_43
1876,売れます,うれます,好卖，畅销,动2,新标初_43
1877,受けます,うけます,感受，受到,动2,新标初_43
1878,温めます,あたためます,热，温,动2,新标初_43
1879,理解します,りかいします,理解,动3,新标初_43
1880,提案します,ていあんします,建议，提案,动3,新标初_43
1881,試作します,しさくします,试作，试制,动3,新标初_43
1882,経験します,けいけんします,经验，经历,动3,新标初_43
1883,暗記します,あんきします,熟记，背诵,动3,新标初_43
1884,早退します,そうたいします,早退,动3,新标初_43
1885,休職します,きゅうしょくします,（暂时）停职,动3,新标初_43
1886,力強い,ちからづよい,强有力；心里踏实,形容词,新标初_43
1887,柔らかい,やわらかい,柔软,形容词,新标初_43
1888,硬い,かたい,硬,形容词,新标初_43
1889,厚い,あつい,厚,形容词,新标初_43
1890,重要,じゅうよう,重要,形容动词,新标初_43
1891,単純,たんじゅん,单纯,形容动词,新标初_43
1892,理想的,りそうてき,理想,形容动词,新标初_43
1893,具体的,ぐたいてき,具体,形容动词,新标初_43
1894,斬新,ざんしん,新颖，崭新,形容动词,新标初_43
1895,ぐっと,ぐっと,更加；用力,副词,新标初_43
1896,例えば,たとえば,比如，例如,副词,新标初_43
1897,しかも,しかも,而且,接续词,新标初_43
1898,そこで,そこで,因此，于是，所以；那么,接续词,新标初_43
1899,言うまでもなく,いうまでもなく,不言而喻,惯用语,新标初_43
1900,社員旅行,しゃいんりょこう,全社旅行,名词,新标初_44
1901,新入社員,しんにゅうしゃいん,新来的职员,名词,新标初_44
1902,会議場,かいぎじょう,会场,名词,新标初_44
1903,国際会議,こくさいかいぎ,国际会议,名词,新标初_44
1904,ビアガーデン,ビアガーデン,庭院式的啤酒店,名词,新标初_44
1905,大型スーパー,おおがたスーパー,大型超市,名词,新标初_44
1906,湖,みずうみ,湖,名词,新标初_44
1907,パトカー,パトカー,警车，巡逻车,名词,新标初_44
1908,サイレン,サイレン,警笛，警报器,名词,新标初_44
1909,アニメ,アニメ,动画片,名词,新标初_44
1910,パワー,パワー,能力，力量,名词,新标初_44
1911,心,こころ,心,名词,新标初_44
1912,態度,たいど,态度,名词,新标初_44
1913,性格,せいかく,性格,名词,新标初_44
1914,評判,ひょうばん,评价，评论,名词,新标初_44
1915,行列,ぎょうれつ,行列，队伍,名词,新标初_44
1916,容器,ようき,容器,名词,新标初_44
1917,内容,ないよう,内容,名词,新标初_44
1918,売れ行き,うれゆき,销路，销售（情况）,名词,新标初_44
1919,乗り物,のりもの,乘坐物,名词,新标初_44
1920,汗,あせ,汗,名词,新标初_44
1921,倍,ばい,倍，加倍,名词,新标初_44
1922,縦,たて,纵，竖,名词,新标初_44
1923,中国全土,ちゅうごくぜんど,全中国,名词,新标初_44
1924,長期予報,ちょうきよほう,长期预报,名词,新标初_44
1925,笑い,わらい,笑,名词,新标初_44
1926,暑さ,あつさ,暑热，暑气,名词,新标初_44
1927,美しさ,うつくしさ,美好，美丽程度,名词,新标初_44
1928,おもしろさ,おもしろさ,趣味，有趣程度,名词,新标初_44
1929,大きさ,おおきさ,大小,名词,新标初_44
1930,高さ,たかさ,高度,名词,新标初_44
1931,深さ,ふかさ,深度,名词,新标初_44
1932,長さ,ながさ,长度,名词,新标初_44
1933,広さ,ひろさ,面积,名词,新标初_44
1934,太さ,ふとさ,粗(度),名词,新标初_44
1935,重さ,おもさ,重量,名词,新标初_44
1936,厚さ,あつさ,厚度,名词,新标初_44
1937,速さ,はやさ,速度,名词,新标初_44
1938,便利さ,べんりさ,方便程度,名词,新标初_44
1939,複雑さ,ふくざつさ,复杂程度,名词,新标初_44
1940,おいしさ,おいしさ,美味，好吃程度,名词,新标初_44
1941,重要さ,じゅうようさ,重要性，重要程度,名词,新标初_44
1942,甘さ,あまさ,甜度,名词,新标初_44
1943,広がります,ひろがります,蔓延，拓宽,动1,新标初_44
1944,戻ります,もどります,返回，回到,动1,新标初_44
1945,驚きます,おどろきます,惊讶，吃惊,动1,新标初_44
1946,しゃれます,しゃれます,别致，风趣；打扮得漂亮,动2,新标初_44
1947,実感します,じっかんします,切实感受，真切感受,动3,新标初_44
1948,深い,ふかい,深,形容词,新标初_44
1949,おとなしい,おとなしい,温顺，老实,形容词,新标初_44
1950,恥ずかしい,はずかしい,害羞，难为情,形容词,新标初_44
1951,珍しい,めずらしい,珍奇，新奇,形容词,新标初_44
1952,豪華,ごうか,豪华，奢华,形容动词,新标初_44
1953,好調,こうちょう,顺利，情况良好,形容动词,新标初_44
1954,控えめ,ひかえめ,分量少，节制，控制；拘谨,形容动词,新标初_44
1955,好評,こうひょう,好评，称赞,形容动词,新标初_44
1956,大事,だいじ,重要，宝贵,形容动词,新标初_44
1957,かなり,かなり,颇，相当,副词,新标初_44
1958,けっこう,けっこう,很，相当,副词,新标初_44
1959,佐々木,ささき,佐佐木,专有词,新标初_44
1960,琵琶湖,びわこ,琵琶湖,专有词,新标初_44
1961,のぞみ,のぞみ,＂希望号＂[新干线的名称],专有词,新标初_44
1962,おかげさまで,おかげさまで,托您的福,惯用语,新标初_44
1963,何と言っても,なんといっても,首先是，无论如何,惯用语,新标初_44
1964,少子化,しょうしか,孩子减少现象,名词,新标初_45
1965,人口,じんこう,人口,名词,新标初_45
1966,平均年齢,へいきんねんれい,平均年龄,名词,新标初_45
1967,交通,こうつう,交通,名词,新标初_45
1968,便,べん,方便，便利,名词,新标初_45
1969,アクセス,アクセス,连接，衔接,名词,新标初_45
1970,リニアモーターカー,リニアモーターカー,磁悬浮列车,名词,新标初_45
1971,便,びん,航班,名词,新标初_45
1972,市内,しない,市内,名词,新标初_45
1973,田舎,いなか,乡下，农村,名词,新标初_45
1974,中心地,ちゅうしんち,中心地区,名词,新标初_45
1975,近代化,きんだいか,现代化,名词,新标初_45
1976,現代人,げんだいじん,现代人,名词,新标初_45
1977,時間帯,じかんたい,时间段,名词,新标初_45
1978,調子,ちょうし,情况，状况；势头,名词,新标初_45
1979,よさ,よさ,长处，好处,名词,新标初_45
1980,部屋代,へやだい,房租,名词,新标初_45
1981,森林,しんりん,森林,名词,新标初_45
1982,地球,ちきゅう,地球,名词,新标初_45
1983,平均気温,へいきんきおん,平均气温,名词,新标初_45
1984,地球温暖化,ちきゅうおんだんか,地球变暖现象,名词,新标初_45
1985,冷凍食品,れいとうしょくひん,冷冻食品,名词,新标初_45
1986,高齢者,こうれいしゃ,高龄者,名词,新标初_45
1987,喫煙者,きつえんしゃ,吸烟者,名词,新标初_45
1988,旅行者,りょこうしゃ,旅行者,名词,新标初_45
1989,利用者,りようしゃ,利用者,名词,新标初_45
1990,悩み,なやみ,烦恼,名词,新标初_45
1991,町並み,まちなみ,市容，街道，街景,名词,新标初_45
1992,うりあげ,うりあげ,销售额，营业额,名词,新标初_45
1993,あこがれ,あこがれ,憧憬,名词,新标初_45
1994,進みます,すすみます,加重，前进,动1,新标初_45
1995,磨きます,みがきます,刷，擦,动1,新标初_45
1996,曇ります,くもります,天阴,动1,新标初_45
1997,似ます,にます,像，相似,动2,新标初_45
1998,ライトアップします,ライトアップします,景观照明,动3,新标初_45
1999,普及します,ふきゅうします,普及,动3,新标初_45
2000,雨宿りします,あまやどりします,避雨,动3,新标初_45
2001,ひどい,ひどい,残酷，过分；激烈,形容词,新标初_45
2002,手軽,てがる,简便，简单，轻便,形容动词,新标初_45
2003,急速,きゅうそく,迅速，快速,形容动词,新标初_45
2004,以前,いぜん,以前,副词,新标初_45
2005,どんどん,どんどん,连接不断地，接二连三地,副词,新标初_45
2006,ますます,ますます,越来越，更加,副词,新标初_45
2007,なんか,なんか,有点，总觉得，有些，好像,副词,新标初_45
2008,年々,ねんねん,逐年，每年,副词,新标初_45
2009,軽い物,かるいもの,清淡的或少量的食物,惯用语,新标初_45
2010,毛皮,けがわ,毛皮,名词,新标初_46
2011,本物,ほんもの,真货，真东西,名词,新标初_46
2012,柄,がら,花纹，花样,名词,新标初_46
2013,レモン,レモン,柠檬,名词,新标初_46
2014,みそ汁,みそしる,酱汤,名词,新标初_46
2015,お祭り,おまつり,祭日，节日,名词,新标初_46
2016,オートバイ,オートバイ,摩托车,名词,新标初_46
2017,インタビュー,インタビュー,采访,名词,新标初_46
2018,プラン,プラン,计划,名词,新标初_46
2019,頭痛,ずつう,头疼,名词,新标初_46
2020,寒気,さむけ,寒气，寒战,名词,新标初_46
2021,吐き気,はきけ,恶心，想要呕吐,名词,新标初_46
2022,家事,かじ,家务活,名词,新标初_46
2023,面接,めんせつ,面试,名词,新标初_46
2024,出来事,できごと,事情，事件,名词,新标初_46
2025,意見,いけん,意见,名词,新标初_46
2026,開設,かいせつ,开设,名词,新标初_46
2027,候補地,こうほち,候选地,名词,新标初_46
2028,周り,まわり,一带，周围,名词,新标初_46
2029,明るさ,あかるさ,明朗，快活,名词,新标初_46
2030,におい,におい,味道，气味,名词,新标初_46
2031,せっけん,せっけん,肥皂,名词,新标初_46
2032,香水,こうすい,香水,名词,新标初_46
2033,ラン,ラン,兰花,名词,新标初_46
2034,末,すえ,末尾，末了,名词,新标初_46
2035,初め,はじめ,最初,名词,新标初_46
2036,半月,はんつき,半月，半个月,名词,新标初_46
2037,モデル,モデル,模特儿,名词,新标初_46
2038,警察官,けいさつかん,警察,名词,新标初_46
2039,お相撲さん,おすもうさん,相扑选手,名词,新标初_46
2040,歌舞伎役者,かぶきやくしゃ,歌舞伎演员,名词,新标初_46
2041,水泳選手,すいえいせんしゅ,游泳选手,名词,新标初_46
2042,済みます,すみます,结束，完了,动1,新标初_46
2043,積もります,つもります,堆积；积攒,动1,新标初_46
2044,過ごします,すごします,度过；生活,动1,新标初_46
2045,ほほえみます,ほほえみます,微笑,动1,新标初_46
2046,延ばします,のばします,延长,动1,新标初_46
2047,済ませます,すませます,搞完，办完,动2,新标初_46
2048,枯れます,かれます,枯萎；干燥,动2,新标初_46
2049,発送します,はっそうします,发送，寄送,动3,新标初_46
2050,緊張します,きんちょうします,紧张,动3,新标初_46
2051,さわやか,さわやか,清爽，爽快,形容动词,新标初_46
2052,まるで,まるで,好像，就像,副词,新标初_46
2053,いかにも,いかにも,典型的；实在；的确,副词,新标初_46
2054,外灘,ワイタン,外滩,专有词,新标初_46
2055,沖縄,おきなわ,冲绳,专有词,新标初_46
2056,南京路,ナンキンろ,南京路,专有词,新标初_46
2057,このごろ,このごろ,最近，近来，最近时期,惯用语,新标初_46
2058,事務所探し,じむしょさがし,寻找事务所,惯用语,新标初_46
2059,下見,したみ,视察,名词,新标初_47
2060,スタッフ,スタッフ,职员，同事,名词,新标初_47
2061,お子さん,おこさん,您的孩子,名词,新标初_47
2062,召し上がります,めしあがります,（尊他）吃，喝,动1,新标初_47
2063,ご覧になります,ごらんになります,（尊他）看，读,动1,新标初_47
2064,おっしゃいます,おっしゃいます,（尊他）说，讲,动1,新标初_47
2065,いらっしゃいます,いらっしゃいます,（尊他）去，来，在,动1,新标初_47
2066,おいでになります,おいでになります,（尊他）去，来，在,动1,新标初_47
2067,なさいます,なさいます,（尊他）做，干,动1,新标初_47
2068,くださいます,くださいます,（尊他）给,动1,新标初_47
2069,チェックインします,チェックインします,办理入住手续,动3,新标初_47
2070,直行します,ちょっこうします,直接去，直达,动3,新标初_47
2071,先ほど,さきほど,刚才，方才,副词,新标初_47
2072,木村,きむら,木村,专有词,新标初_47
2073,黄,こう,黄,专有词,新标初_47
2074,北京空港,ペキンくうこう,北京机场,专有词,新标初_47
2075,ご存じです,ごぞんじです,（尊他）知道,惯用语,新标初_47
2076,明日,みょうにち,明天,名词,新标初_48
2077,明日,あす,明天,名词,新标初_48
2078,昨日,さくじつ,昨天,名词,新标初_48
2079,この度,このたび,这次，这回,名词,新标初_48
2080,私,わたくし,我,代词,新标初_48
2081,私ども,わたくしども,我们,代词,新标初_48
2082,社,しゃ,公司,名词,新标初_48
2083,者,もの,人，～的人,名词,新标初_48
2084,弊社,へいしゃ,敝公司,名词,新标初_48
2085,新車,しんしゃ,新车,名词,新标初_48
2086,傷,きず,瑕疵；创伤,名词,新标初_48
2087,指導,しどう,指教，指导,名词,新标初_48
2088,おつり,おつり,找的零钱,名词,新标初_48
2089,応接室,おうせつしつ,会客室,名词,新标初_48
2090,案内状,あんないじょう,通知，请帖,名词,新标初_48
2091,入学案内,にゅうがくあんない,入学指南,名词,新标初_48
2092,伺います,うかがいます,（自谦）去；来；问；拜访；请教,动1,新标初_48
2093,いたします,いたします,（自谦）做，干,动1,新标初_48
2094,参ります,まいります,（自谦）来，去,动1,新标初_48
2095,いただきます,いただきます,（自谦）吃，喝；得到,动1,新标初_48
2096,おります,おります,在,动1,新标初_48
2097,ございます,ございます,在，有，是,动1,新标初_48
2098,差し上げます,さしあげます,（自谦）给,动2,新标初_48
2099,存じています,ぞんじています,（自谦）知道,动2,新标初_48
2100,進めます,すすめます,推进，使前进,动2,新标初_48
2101,拝見します,はいけんします,（自谦）看,动3,新标初_48
2102,承知します,しょうちします,知道,动3,新标初_48
2103,期待します,きたいします,希望，期待,动3,新标初_48
2104,世話します,せわします,帮助；照顾,动3,新标初_48
2105,貴重,きちょう,贵重,形容动词,新标初_48
2106,少々,しょうしょう,稍稍，一点儿,副词,新标初_48
2107,ただ今,ただいま,这会儿，方才；马上，立刻,副词,新标初_48
2108,突然,とつぜん,突然,副词,新标初_48
2109,実は,じつは,其实，实际上,副词,新标初_48
2110,東京料理スクール,とうきょうりょうりスクール,东京厨师学校,专有词,新标初_48
2111,北京日本語学校,ペキンにほんごがっこう,北京日语学校,专有词,新标初_48
2112,JC自動車,ジェーシーじどうしゃ,JC汽车公司,专有词,新标初_48
2113,何のお構いもしませんで,なんのおかまいもしませんで,招待不周,惯用语,新标初_48
2114,申し訳ございません,もうしわけございません,非常抱歉,惯用语,新标初_48
